Feb 18 15:51:42 cfx337 pnpm[2778]: > dotenv -e ../../.env -- nest start --watch --entryFile=./apps/backend/src/main
Feb 18 15:51:43 cfx337 pnpm[2807]: [52B blob data]
Feb 18 15:51:45 cfx337 pnpm[2807]: To restart at any time, enter rs.
Feb 18 15:52:14 cfx337 pnpm[2807]: [3:52:14 PM] Found 0 errors. Watching for file changes.
Feb 18 15:52:21 cfx337 pnpm[2942]: [Nest] 2942  - 02/18/2026, 3:52:21 PM     LOG [NestFactory] Starting Nest application...
Feb 18 15:52:21 cfx337 pnpm[2942]: [Nest] 2942  - 02/18/2026, 3:52:21 PM     LOG [TemporalConnectionFactory] Creating new client connection to 127.0.0.1:7233 (attempt 1)
Feb 18 15:52:21 cfx337 pnpm[2942]: [Nest] 2942  - 02/18/2026, 3:52:21 PM     LOG [TemporalConnectionFactory] TemporalConnectionFactory
Feb 18 15:52:21 cfx337 pnpm[2942]: [Nest] 2942  - 02/18/2026, 3:52:21 PM     LOG [InstanceLoader] SentryModule dependencies initialized +38ms
Feb 18 15:52:21 cfx337 pnpm[2942]: [Nest] 2942  - 02/18/2026, 3:52:21 PM     LOG [InstanceLoader] UploadModule dependencies initialized +1ms
Feb 18 15:52:21 cfx337 pnpm[2942]: [Nest] 2942  - 02/18/2026, 3:52:21 PM     LOG [TemporalConnectionFactory] Successfully connected to 127.0.0.1:7233
Feb 18 15:52:21 cfx337 pnpm[2942]: [Nest] 2942  - 02/18/2026, 3:52:21 PM     LOG [TemporalConnectionFactory] TemporalConnectionFactory
Feb 18 15:52:21 cfx337 pnpm[2942]: [Nest] 2942  - 02/18/2026, 3:52:21 PM     LOG [InstanceLoader] ThrottlerModule dependencies initialized +9ms
Feb 18 15:52:21 cfx337 pnpm[2942]: [Nest] 2942  - 02/18/2026, 3:52:21 PM     LOG [InstanceLoader] DiscoveryModule dependencies initialized +4ms
Feb 18 15:52:21 cfx337 pnpm[2942]: [Nest] 2942  - 02/18/2026, 3:52:21 PM     LOG [InstanceLoader] VideoModule dependencies initialized +2ms
Feb 18 15:52:21 cfx337 pnpm[2942]: [Nest] 2942  - 02/18/2026, 3:52:21 PM     LOG [InstanceLoader] MaterialsModule dependencies initialized +1ms
Feb 18 15:52:21 cfx337 pnpm[2942]: [Nest] 2942  - 02/18/2026, 3:52:21 PM     LOG [InstanceLoader] ThirdPartyModule dependencies initialized +0ms
Feb 18 15:52:21 cfx337 pnpm[2942]: [Nest] 2942  - 02/18/2026, 3:52:21 PM     LOG [TemporalConnectionFactory] Worker connection established to 127.0.0.1:7233
Feb 18 15:52:21 cfx337 pnpm[2942]: [Nest] 2942  - 02/18/2026, 3:52:21 PM     LOG [TemporalConnectionFactory] TemporalConnectionFactory
Feb 18 15:52:21 cfx337 pnpm[2942]: [Nest] 2942  - 02/18/2026, 3:52:21 PM     LOG [InstanceLoader] TemporalModule dependencies initialized +0ms
Feb 18 15:52:21 cfx337 pnpm[2942]: Email service provider: no provider
Feb 18 15:52:21 cfx337 pnpm[2942]: [Nest] 2942  - 02/18/2026, 3:52:21 PM     LOG [InstanceLoader] TemporalRegisterMissingSearchAttributesModule dependencies initialized +1ms
Feb 18 15:52:21 cfx337 pnpm[2942]: [Nest] 2942  - 02/18/2026, 3:52:21 PM     LOG [InstanceLoader] InfiniteWorkflowRegisterModule dependencies initialized +1ms
Feb 18 15:52:21 cfx337 pnpm[2942]: [Nest] 2942  - 02/18/2026, 3:52:21 PM     LOG [InstanceLoader] DatabaseModule dependencies initialized +1ms
Feb 18 15:52:21 cfx337 pnpm[2942]: [Nest] 2942  - 02/18/2026, 3:52:21 PM     LOG [InstanceLoader] AgentModule dependencies initialized +0ms
Feb 18 15:52:21 cfx337 pnpm[2942]: [Nest] 2942  - 02/18/2026, 3:52:21 PM     LOG [InstanceLoader] ChatModule dependencies initialized +1ms
Feb 18 15:52:21 cfx337 pnpm[2942]: [Nest] 2942  - 02/18/2026, 3:52:21 PM     LOG [InstanceLoader] AppModule dependencies initialized +0ms
Feb 18 15:52:21 cfx337 pnpm[2942]: [Nest] 2942  - 02/18/2026, 3:52:21 PM     LOG [InstanceLoader] PublicApiModule dependencies initialized +6ms
Feb 18 15:52:21 cfx337 pnpm[2942]: [Nest] 2942  - 02/18/2026, 3:52:21 PM     LOG [InstanceLoader] ApiModule dependencies initialized +0ms
Feb 18 15:52:21 cfx337 pnpm[2942]: Mastra telemetry is enabled, but the required instrumentation file was not loaded. If you are using Mastra outside of the mastra server environment, see: https://mastra.ai/en/docs/observability/tracing#tracing-outside-mastra-server-environment If you are using a custom instrumentation file or want to disable this warning, set the globalThis.___MASTRA_TELEMETRY___ variable to true in your instrumentation file.
Feb 18 15:52:21 cfx337 pnpm[2942]: Mastra telemetry is deprecated and will be removed on the Nov 4th release. Instead use AI Tracing. More info can be found here: https://github.com/mastra-ai/mastra/issues/8577 and here: https://mastra.ai/en/docs/observability/ai-tracing/overview
Feb 18 15:52:21 cfx337 pnpm[2942]: [Nest] 2942  - 02/18/2026, 3:52:21 PM     LOG [RoutesResolver] RootController {/}: +181ms
Feb 18 15:52:21 cfx337 pnpm[2942]: [Nest] 2942  - 02/18/2026, 3:52:21 PM     LOG [RouterExplorer] Mapped {/, GET} route +4ms
Feb 18 15:52:21 cfx337 pnpm[2942]: [Nest] 2942  - 02/18/2026, 3:52:21 PM     LOG [RoutesResolver] StripeController {/stripe}: +0ms
Feb 18 15:52:21 cfx337 pnpm[2942]: [Nest] 2942  - 02/18/2026, 3:52:21 PM     LOG [RouterExplorer] Mapped {/stripe, POST} route +1ms
Feb 18 15:52:21 cfx337 pnpm[2942]: [Nest] 2942  - 02/18/2026, 3:52:21 PM     LOG [RoutesResolver] AuthController {/auth}: +0ms
Feb 18 15:52:21 cfx337 pnpm[2942]: [Nest] 2942  - 02/18/2026, 3:52:21 PM     LOG [RouterExplorer] Mapped {/auth/can-register, GET} route +0ms
Feb 18 15:52:21 cfx337 pnpm[2942]: [Nest] 2942  - 02/18/2026, 3:52:21 PM     LOG [RouterExplorer] Mapped {/auth/register, POST} route +1ms
Feb 18 15:52:21 cfx337 pnpm[2942]: [Nest] 2942  - 02/18/2026, 3:52:21 PM     LOG [RouterExplorer] Mapped {/auth/login, POST} route +0ms
Feb 18 15:52:21 cfx337 pnpm[2942]: [Nest] 2942  - 02/18/2026, 3:52:21 PM     LOG [RouterExplorer] Mapped {/auth/forgot, POST} route +1ms
Feb 18 15:52:21 cfx337 pnpm[2942]: [Nest] 2942  - 02/18/2026, 3:52:21 PM     LOG [RouterExplorer] Mapped {/auth/forgot-return, POST} route +0ms
Feb 18 15:52:21 cfx337 pnpm[2942]: [Nest] 2942  - 02/18/2026, 3:52:21 PM     LOG [RouterExplorer] Mapped {/auth/oauth/:provider, GET} route +0ms
Feb 18 15:52:21 cfx337 pnpm[2942]: [Nest] 2942  - 02/18/2026, 3:52:21 PM     LOG [RouterExplorer] Mapped {/auth/activate, POST} route +2ms
Feb 18 15:52:21 cfx337 pnpm[2942]: [Nest] 2942  - 02/18/2026, 3:52:21 PM     LOG [RouterExplorer] Mapped {/auth/oauth/:provider/exists, POST} route +0ms
Feb 18 15:52:21 cfx337 pnpm[2942]: [Nest] 2942  - 02/18/2026, 3:52:21 PM     LOG [RoutesResolver] PublicController {/public}: +1ms
Feb 18 15:52:21 cfx337 pnpm[2942]: [Nest] 2942  - 02/18/2026, 3:52:21 PM     LOG [RouterExplorer] Mapped {/public/agent, POST} route +1ms
Feb 18 15:52:21 cfx337 pnpm[2942]: [Nest] 2942  - 02/18/2026, 3:52:21 PM     LOG [RouterExplorer] Mapped {/public/agencies-list, GET} route +1ms
Feb 18 15:52:21 cfx337 pnpm[2942]: [Nest] 2942  - 02/18/2026, 3:52:21 PM     LOG [RouterExplorer] Mapped {/public/agencies-list-slug, GET} route +0ms
Feb 18 15:52:21 cfx337 pnpm[2942]: [Nest] 2942  - 02/18/2026, 3:52:21 PM     LOG [RouterExplorer] Mapped {/public/agencies-information/:agency, GET} route +1ms
Feb 18 15:52:21 cfx337 pnpm[2942]: [Nest] 2942  - 02/18/2026, 3:52:21 PM     LOG [RouterExplorer] Mapped {/public/agencies-list-count, GET} route +1ms
Feb 18 15:52:21 cfx337 pnpm[2942]: [Nest] 2942  - 02/18/2026, 3:52:21 PM     LOG [RouterExplorer] Mapped {/public/posts/:id, GET} route +0ms
Feb 18 15:52:21 cfx337 pnpm[2942]: [Nest] 2942  - 02/18/2026, 3:52:21 PM     LOG [RouterExplorer] Mapped {/public/posts/:id/comments, GET} route +1ms
Feb 18 15:52:21 cfx337 pnpm[2942]: [Nest] 2942  - 02/18/2026, 3:52:21 PM     LOG [RouterExplorer] Mapped {/public/t, POST} route +1ms
Feb 18 15:52:21 cfx337 pnpm[2942]: [Nest] 2942  - 02/18/2026, 3:52:21 PM     LOG [RouterExplorer] Mapped {/public/crypto/:path, POST} route +0ms
Feb 18 15:52:21 cfx337 pnpm[2942]: [Nest] 2942  - 02/18/2026, 3:52:21 PM     LOG [RouterExplorer] Mapped {/public/stream, GET} route +0ms
Feb 18 15:52:21 cfx337 pnpm[2942]: [Nest] 2942  - 02/18/2026, 3:52:21 PM     LOG [RoutesResolver] MonitorController {/monitor}: +1ms
Feb 18 15:52:21 cfx337 pnpm[2942]: [Nest] 2942  - 02/18/2026, 3:52:21 PM     LOG [RouterExplorer] Mapped {/monitor/queue/:name, GET} route +0ms
Feb 18 15:52:21 cfx337 pnpm[2942]: [Nest] 2942  - 02/18/2026, 3:52:21 PM     LOG [RoutesResolver] PublicMediaController {/public/media}: +0ms
Feb 18 15:52:21 cfx337 pnpm[2942]: [Nest] 2942  - 02/18/2026, 3:52:21 PM     LOG [RouterExplorer] Mapped {/public/media/proxy, GET} route +0ms
Feb 18 15:52:21 cfx337 pnpm[2942]: [Nest] 2942  - 02/18/2026, 3:52:21 PM     LOG [RoutesResolver] UsersController {/user}: +0ms
Feb 18 15:52:21 cfx337 pnpm[2942]: [Nest] 2942  - 02/18/2026, 3:52:21 PM     LOG [RouterExplorer] Mapped {/user/self, GET} route +1ms
Feb 18 15:52:21 cfx337 pnpm[2942]: [Nest] 2942  - 02/18/2026, 3:52:21 PM     LOG [RouterExplorer] Mapped {/user/personal, GET} route +0ms
Feb 18 15:52:21 cfx337 pnpm[2942]: [Nest] 2942  - 02/18/2026, 3:52:21 PM     LOG [RouterExplorer] Mapped {/user/impersonate, GET} route +0ms
Feb 18 15:52:21 cfx337 pnpm[2942]: [Nest] 2942  - 02/18/2026, 3:52:21 PM     LOG [RouterExplorer] Mapped {/user/impersonate, POST} route +0ms
Feb 18 15:52:21 cfx337 pnpm[2942]: [Nest] 2942  - 02/18/2026, 3:52:21 PM     LOG [RouterExplorer] Mapped {/user/personal, POST} route +0ms
Feb 18 15:52:21 cfx337 pnpm[2942]: [Nest] 2942  - 02/18/2026, 3:52:21 PM     LOG [RouterExplorer] Mapped {/user/email-notifications, GET} route +1ms
Feb 18 15:52:21 cfx337 pnpm[2942]: [Nest] 2942  - 02/18/2026, 3:52:21 PM     LOG [RouterExplorer] Mapped {/user/email-notifications, POST} route +0ms
Feb 18 15:52:21 cfx337 pnpm[2942]: [Nest] 2942  - 02/18/2026, 3:52:21 PM     LOG [RouterExplorer] Mapped {/user/subscription, GET} route +0ms
Feb 18 15:52:21 cfx337 pnpm[2942]: [Nest] 2942  - 02/18/2026, 3:52:21 PM     LOG [RouterExplorer] Mapped {/user/subscription/tiers, GET} route +0ms
Feb 18 15:52:21 cfx337 pnpm[2942]: [Nest] 2942  - 02/18/2026, 3:52:21 PM     LOG [RouterExplorer] Mapped {/user/join-org, POST} route +0ms
Feb 18 15:52:21 cfx337 pnpm[2942]: [Nest] 2942  - 02/18/2026, 3:52:21 PM     LOG [RouterExplorer] Mapped {/user/organizations, GET} route +0ms
Feb 18 15:52:21 cfx337 pnpm[2942]: [Nest] 2942  - 02/18/2026, 3:52:21 PM     LOG [RouterExplorer] Mapped {/user/change-org, POST} route +0ms
Feb 18 15:52:21 cfx337 pnpm[2942]: [Nest] 2942  - 02/18/2026, 3:52:21 PM     LOG [RouterExplorer] Mapped {/user/logout, POST} route +0ms
Feb 18 15:52:21 cfx337 pnpm[2942]: [Nest] 2942  - 02/18/2026, 3:52:21 PM     LOG [RouterExplorer] Mapped {/user/t, POST} route +0ms
Feb 18 15:52:21 cfx337 pnpm[2942]: [Nest] 2942  - 02/18/2026, 3:52:21 PM     LOG [RoutesResolver] AnalyticsController {/analytics}: +1ms
Feb 18 15:52:21 cfx337 pnpm[2942]: [Nest] 2942  - 02/18/2026, 3:52:21 PM     LOG [RouterExplorer] Mapped {/analytics/:integration, GET} route +0ms
Feb 18 15:52:21 cfx337 pnpm[2942]: [Nest] 2942  - 02/18/2026, 3:52:21 PM     LOG [RoutesResolver] IntegrationsController {/integrations}: +0ms
Feb 18 15:52:21 cfx337 pnpm[2942]: [Nest] 2942  - 02/18/2026, 3:52:21 PM     LOG [RouterExplorer] Mapped {/integrations, GET} route +1ms
Feb 18 15:52:21 cfx337 pnpm[2942]: [Nest] 2942  - 02/18/2026, 3:52:21 PM     LOG [RouterExplorer] Mapped {/integrations/:identifier/internal-plugs, GET} route +0ms
Feb 18 15:52:21 cfx337 pnpm[2942]: [Nest] 2942  - 02/18/2026, 3:52:21 PM     LOG [RouterExplorer] Mapped {/integrations/customers, GET} route +0ms
Feb 18 15:52:21 cfx337 pnpm[2942]: [Nest] 2942  - 02/18/2026, 3:52:21 PM     LOG [RouterExplorer] Mapped {/integrations/:id/group, PUT} route +0ms
Feb 18 15:52:21 cfx337 pnpm[2942]: [Nest] 2942  - 02/18/2026, 3:52:21 PM     LOG [RouterExplorer] Mapped {/integrations/:id/customer-name, PUT} route +0ms
Feb 18 15:52:21 cfx337 pnpm[2942]: [Nest] 2942  - 02/18/2026, 3:52:21 PM     LOG [RouterExplorer] Mapped {/integrations/list, GET} route +0ms
Feb 18 15:52:21 cfx337 pnpm[2942]: [Nest] 2942  - 02/18/2026, 3:52:21 PM     LOG [RouterExplorer] Mapped {/integrations/:id/settings, POST} route +1ms
Feb 18 15:52:21 cfx337 pnpm[2942]: [Nest] 2942  - 02/18/2026, 3:52:21 PM     LOG [RouterExplorer] Mapped {/integrations/:id/nickname, POST} route +0ms
Feb 18 15:52:21 cfx337 pnpm[2942]: [Nest] 2942  - 02/18/2026, 3:52:21 PM     LOG [RouterExplorer] Mapped {/integrations/:id, GET} route +0ms
Feb 18 15:52:21 cfx337 pnpm[2942]: [Nest] 2942  - 02/18/2026, 3:52:21 PM     LOG [RouterExplorer] Mapped {/integrations/social/:integration, GET} route +0ms
Feb 18 15:52:21 cfx337 pnpm[2942]: [Nest] 2942  - 02/18/2026, 3:52:21 PM     LOG [RouterExplorer] Mapped {/integrations/:id/time, POST} route +0ms
Feb 18 15:52:21 cfx337 pnpm[2942]: [Nest] 2942  - 02/18/2026, 3:52:21 PM     LOG [RouterExplorer] Mapped {/integrations/mentions, POST} route +0ms
Feb 18 15:52:21 cfx337 pnpm[2942]: [Nest] 2942  - 02/18/2026, 3:52:21 PM     LOG [RouterExplorer] Mapped {/integrations/function, POST} route +0ms
Feb 18 15:52:21 cfx337 pnpm[2942]: [Nest] 2942  - 02/18/2026, 3:52:21 PM     LOG [RouterExplorer] Mapped {/integrations/social/:integration/connect, POST} route +0ms
Feb 18 15:52:21 cfx337 pnpm[2942]: [Nest] 2942  - 02/18/2026, 3:52:21 PM     LOG [RouterExplorer] Mapped {/integrations/disable, POST} route +1ms
Feb 18 15:52:21 cfx337 pnpm[2942]: [Nest] 2942  - 02/18/2026, 3:52:21 PM     LOG [RouterExplorer] Mapped {/integrations/provider/:id/connect, POST} route +0ms
Feb 18 15:52:21 cfx337 pnpm[2942]: [Nest] 2942  - 02/18/2026, 3:52:21 PM     LOG [RouterExplorer] Mapped {/integrations/enable, POST} route +0ms
Feb 18 15:52:21 cfx337 pnpm[2942]: [Nest] 2942  - 02/18/2026, 3:52:21 PM     LOG [RouterExplorer] Mapped {/integrations, DELETE} route +0ms
Feb 18 15:52:21 cfx337 pnpm[2942]: [Nest] 2942  - 02/18/2026, 3:52:21 PM     LOG [RouterExplorer] Mapped {/integrations/plug/list, GET} route +0ms
Feb 18 15:52:21 cfx337 pnpm[2942]: [Nest] 2942  - 02/18/2026, 3:52:21 PM     LOG [RouterExplorer] Mapped {/integrations/:id/plugs, GET} route +1ms
Feb 18 15:52:21 cfx337 pnpm[2942]: [Nest] 2942  - 02/18/2026, 3:52:21 PM     LOG [RouterExplorer] Mapped {/integrations/:id/plugs, POST} route +0ms
Feb 18 15:52:21 cfx337 pnpm[2942]: [Nest] 2942  - 02/18/2026, 3:52:21 PM     LOG [RouterExplorer] Mapped {/integrations/plugs/:id/activate, PUT} route +0ms
Feb 18 15:52:21 cfx337 pnpm[2942]: [Nest] 2942  - 02/18/2026, 3:52:21 PM     LOG [RouterExplorer] Mapped {/integrations/telegram/updates, GET} route +0ms
Feb 18 15:52:21 cfx337 pnpm[2942]: [Nest] 2942  - 02/18/2026, 3:52:21 PM     LOG [RoutesResolver] SettingsController {/settings}: +0ms
Feb 18 15:52:21 cfx337 pnpm[2942]: [Nest] 2942  - 02/18/2026, 3:52:21 PM     LOG [RouterExplorer] Mapped {/settings/team, GET} route +1ms
Feb 18 15:52:21 cfx337 pnpm[2942]: [Nest] 2942  - 02/18/2026, 3:52:21 PM     LOG [RouterExplorer] Mapped {/settings/team, POST} route +0ms
Feb 18 15:52:21 cfx337 pnpm[2942]: [Nest] 2942  - 02/18/2026, 3:52:21 PM     LOG [RouterExplorer] Mapped {/settings/team/:id, DELETE} route +0ms
Feb 18 15:52:21 cfx337 pnpm[2942]: [Nest] 2942  - 02/18/2026, 3:52:21 PM     LOG [RoutesResolver] PostsController {/posts}: +0ms
Feb 18 15:52:21 cfx337 pnpm[2942]: [Nest] 2942  - 02/18/2026, 3:52:21 PM     LOG [RouterExplorer] Mapped {/posts/:id/statistics, GET} route +1ms
Feb 18 15:52:21 cfx337 pnpm[2942]: [Nest] 2942  - 02/18/2026, 3:52:21 PM     LOG [RouterExplorer] Mapped {/posts/should-shortlink, POST} route +0ms
Feb 18 15:52:21 cfx337 pnpm[2942]: [Nest] 2942  - 02/18/2026, 3:52:21 PM     LOG [RouterExplorer] Mapped {/posts/:id/comments, POST} route +0ms
Feb 18 15:52:21 cfx337 pnpm[2942]: [Nest] 2942  - 02/18/2026, 3:52:21 PM     LOG [RouterExplorer] Mapped {/posts/tags, GET} route +0ms
Feb 18 15:52:21 cfx337 pnpm[2942]: [Nest] 2942  - 02/18/2026, 3:52:21 PM     LOG [RouterExplorer] Mapped {/posts/tags, POST} route +0ms
Feb 18 15:52:21 cfx337 pnpm[2942]: [Nest] 2942  - 02/18/2026, 3:52:21 PM     LOG [RouterExplorer] Mapped {/posts/tags/:id, PUT} route +0ms
Feb 18 15:52:21 cfx337 pnpm[2942]: [Nest] 2942  - 02/18/2026, 3:52:21 PM     LOG [RouterExplorer] Mapped {/posts, GET} route +0ms
Feb 18 15:52:21 cfx337 pnpm[2942]: [Nest] 2942  - 02/18/2026, 3:52:21 PM     LOG [RouterExplorer] Mapped {/posts/find-slot, GET} route +0ms
Feb 18 15:52:21 cfx337 pnpm[2942]: [Nest] 2942  - 02/18/2026, 3:52:21 PM     LOG [RouterExplorer] Mapped {/posts/find-slot/:id, GET} route +0ms
Feb 18 15:52:21 cfx337 pnpm[2942]: [Nest] 2942  - 02/18/2026, 3:52:21 PM     LOG [RouterExplorer] Mapped {/posts/old, GET} route +1ms
Feb 18 15:52:21 cfx337 pnpm[2942]: [Nest] 2942  - 02/18/2026, 3:52:21 PM     LOG [RouterExplorer] Mapped {/posts/group/:group, GET} route +0ms
Feb 18 15:52:21 cfx337 pnpm[2942]: [Nest] 2942  - 02/18/2026, 3:52:21 PM     LOG [RouterExplorer] Mapped {/posts/:id, GET} route +0ms
Feb 18 15:52:21 cfx337 pnpm[2942]: [Nest] 2942  - 02/18/2026, 3:52:21 PM     LOG [RouterExplorer] Mapped {/posts, POST} route +1ms
Feb 18 15:52:21 cfx337 pnpm[2942]: [Nest] 2942  - 02/18/2026, 3:52:21 PM     LOG [RouterExplorer] Mapped {/posts/generator/draft, POST} route +0ms
Feb 18 15:52:21 cfx337 pnpm[2942]: [Nest] 2942  - 02/18/2026, 3:52:21 PM     LOG [RouterExplorer] Mapped {/posts/generator, POST} route +1ms
Feb 18 15:52:21 cfx337 pnpm[2942]: [Nest] 2942  - 02/18/2026, 3:52:21 PM     LOG [RouterExplorer] Mapped {/posts/:group, DELETE} route +0ms
Feb 18 15:52:21 cfx337 pnpm[2942]: [Nest] 2942  - 02/18/2026, 3:52:21 PM     LOG [RouterExplorer] Mapped {/posts/:id/date, PUT} route +1ms
Feb 18 15:52:21 cfx337 pnpm[2942]: [Nest] 2942  - 02/18/2026, 3:52:21 PM     LOG [RouterExplorer] Mapped {/posts/separate-posts, POST} route +1ms
Feb 18 15:52:21 cfx337 pnpm[2942]: [Nest] 2942  - 02/18/2026, 3:52:21 PM     LOG [RoutesResolver] MediaController {/media}: +0ms
Feb 18 15:52:21 cfx337 pnpm[2942]: [Nest] 2942  - 02/18/2026, 3:52:21 PM     LOG [RouterExplorer] Mapped {/media/:id, DELETE} route +0ms
Feb 18 15:52:21 cfx337 pnpm[2942]: [Nest] 2942  - 02/18/2026, 3:52:21 PM     LOG [RouterExplorer] Mapped {/media/generate-video, POST} route +1ms
Feb 18 15:52:21 cfx337 pnpm[2942]: [Nest] 2942  - 02/18/2026, 3:52:21 PM     LOG [RouterExplorer] Mapped {/media/generate-image, POST} route +0ms
Feb 18 15:52:21 cfx337 pnpm[2942]: [Nest] 2942  - 02/18/2026, 3:52:21 PM     LOG [RouterExplorer] Mapped {/media/generate-image-with-prompt, POST} route +1ms
Feb 18 15:52:21 cfx337 pnpm[2942]: [Nest] 2942  - 02/18/2026, 3:52:21 PM     LOG [RouterExplorer] Mapped {/media/upload-server, POST} route +1ms
Feb 18 15:52:21 cfx337 pnpm[2942]: [Nest] 2942  - 02/18/2026, 3:52:21 PM     LOG [RouterExplorer] Mapped {/media/save-media, POST} route +1ms
Feb 18 15:52:21 cfx337 pnpm[2942]: [Nest] 2942  - 02/18/2026, 3:52:21 PM     LOG [RouterExplorer] Mapped {/media/information, POST} route +0ms
Feb 18 15:52:21 cfx337 pnpm[2942]: [Nest] 2942  - 02/18/2026, 3:52:21 PM     LOG [RouterExplorer] Mapped {/media/upload-simple, POST} route +1ms
Feb 18 15:52:21 cfx337 pnpm[2942]: [Nest] 2942  - 02/18/2026, 3:52:21 PM     LOG [RouterExplorer] Mapped {/media/:endpoint, POST} route +0ms
Feb 18 15:52:21 cfx337 pnpm[2942]: [Nest] 2942  - 02/18/2026, 3:52:21 PM     LOG [RouterExplorer] Mapped {/media, GET} route +0ms
Feb 18 15:52:21 cfx337 pnpm[2942]: [Nest] 2942  - 02/18/2026, 3:52:21 PM     LOG [RouterExplorer] Mapped {/media/video-options, GET} route +1ms
Feb 18 15:52:21 cfx337 pnpm[2942]: [Nest] 2942  - 02/18/2026, 3:52:21 PM     LOG [RouterExplorer] Mapped {/media/video/function, POST} route +0ms
Feb 18 15:52:21 cfx337 pnpm[2942]: [Nest] 2942  - 02/18/2026, 3:52:21 PM     LOG [RouterExplorer] Mapped {/media/generate-video/:type/allowed, GET} route +0ms
Feb 18 15:52:21 cfx337 pnpm[2942]: [Nest] 2942  - 02/18/2026, 3:52:21 PM     LOG [RoutesResolver] BillingController {/billing}: +0ms
Feb 18 15:52:21 cfx337 pnpm[2942]: [Nest] 2942  - 02/18/2026, 3:52:21 PM     LOG [RouterExplorer] Mapped {/billing/check/:id, GET} route +1ms
Feb 18 15:52:21 cfx337 pnpm[2942]: [Nest] 2942  - 02/18/2026, 3:52:21 PM     LOG [RouterExplorer] Mapped {/billing/check-discount, GET} route +0ms
Feb 18 15:52:21 cfx337 pnpm[2942]: [Nest] 2942  - 02/18/2026, 3:52:21 PM     LOG [RouterExplorer] Mapped {/billing/apply-discount, POST} route +0ms
Feb 18 15:52:21 cfx337 pnpm[2942]: [Nest] 2942  - 02/18/2026, 3:52:21 PM     LOG [RouterExplorer] Mapped {/billing/finish-trial, POST} route +0ms
Feb 18 15:52:21 cfx337 pnpm[2942]: [Nest] 2942  - 02/18/2026, 3:52:21 PM     LOG [RouterExplorer] Mapped {/billing/is-trial-finished, GET} route +1ms
Feb 18 15:52:21 cfx337 pnpm[2942]: [Nest] 2942  - 02/18/2026, 3:52:21 PM     LOG [RouterExplorer] Mapped {/billing/embedded, POST} route +0ms
Feb 18 15:52:21 cfx337 pnpm[2942]: [Nest] 2942  - 02/18/2026, 3:52:21 PM     LOG [RouterExplorer] Mapped {/billing/subscribe, POST} route +0ms
Feb 18 15:52:21 cfx337 pnpm[2942]: [Nest] 2942  - 02/18/2026, 3:52:21 PM     LOG [RouterExplorer] Mapped {/billing/portal, GET} route +1ms
Feb 18 15:52:21 cfx337 pnpm[2942]: [Nest] 2942  - 02/18/2026, 3:52:21 PM     LOG [RouterExplorer] Mapped {/billing, GET} route +0ms
Feb 18 15:52:21 cfx337 pnpm[2942]: [Nest] 2942  - 02/18/2026, 3:52:21 PM     LOG [RouterExplorer] Mapped {/billing/cancel, POST} route +0ms
Feb 18 15:52:21 cfx337 pnpm[2942]: [Nest] 2942  - 02/18/2026, 3:52:21 PM     LOG [RouterExplorer] Mapped {/billing/prorate, POST} route +0ms
Feb 18 15:52:21 cfx337 pnpm[2942]: [Nest] 2942  - 02/18/2026, 3:52:21 PM     LOG [RouterExplorer] Mapped {/billing/lifetime, POST} route +1ms
Feb 18 15:52:21 cfx337 pnpm[2942]: [Nest] 2942  - 02/18/2026, 3:52:21 PM     LOG [RouterExplorer] Mapped {/billing/add-subscription, POST} route +0ms
Feb 18 15:52:21 cfx337 pnpm[2942]: [Nest] 2942  - 02/18/2026, 3:52:21 PM     LOG [RouterExplorer] Mapped {/billing/crypto, GET} route +0ms
Feb 18 15:52:21 cfx337 pnpm[2942]: [Nest] 2942  - 02/18/2026, 3:52:21 PM     LOG [RoutesResolver] NotificationsController {/notifications}: +0ms
Feb 18 15:52:21 cfx337 pnpm[2942]: [Nest] 2942  - 02/18/2026, 3:52:21 PM     LOG [RouterExplorer] Mapped {/notifications, GET} route +1ms
Feb 18 15:52:21 cfx337 pnpm[2942]: [Nest] 2942  - 02/18/2026, 3:52:21 PM     LOG [RouterExplorer] Mapped {/notifications/list, GET} route +0ms
Feb 18 15:52:21 cfx337 pnpm[2942]: [Nest] 2942  - 02/18/2026, 3:52:21 PM     LOG [RoutesResolver] CopilotController {/copilot}: +0ms
Feb 18 15:52:21 cfx337 pnpm[2942]: [Nest] 2942  - 02/18/2026, 3:52:21 PM     LOG [RouterExplorer] Mapped {/copilot/chat, POST} route +0ms
Feb 18 15:52:21 cfx337 pnpm[2942]: [Nest] 2942  - 02/18/2026, 3:52:21 PM     LOG [RouterExplorer] Mapped {/copilot/agent, POST} route +0ms
Feb 18 15:52:21 cfx337 pnpm[2942]: [Nest] 2942  - 02/18/2026, 3:52:21 PM     LOG [RouterExplorer] Mapped {/copilot/credits, GET} route +1ms
Feb 18 15:52:21 cfx337 pnpm[2942]: [Nest] 2942  - 02/18/2026, 3:52:21 PM     LOG [RouterExplorer] Mapped {/copilot/:thread/list, GET} route +0ms
Feb 18 15:52:21 cfx337 pnpm[2942]: [Nest] 2942  - 02/18/2026, 3:52:21 PM     LOG [RouterExplorer] Mapped {/copilot/list, GET} route +0ms
Feb 18 15:52:21 cfx337 pnpm[2942]: [Nest] 2942  - 02/18/2026, 3:52:21 PM     LOG [RoutesResolver] WebhookController {/webhooks}: +0ms
Feb 18 15:52:21 cfx337 pnpm[2942]: [Nest] 2942  - 02/18/2026, 3:52:21 PM     LOG [RouterExplorer] Mapped {/webhooks, GET} route +1ms
Feb 18 15:52:21 cfx337 pnpm[2942]: [Nest] 2942  - 02/18/2026, 3:52:21 PM     LOG [RouterExplorer] Mapped {/webhooks, POST} route +0ms
Feb 18 15:52:21 cfx337 pnpm[2942]: [Nest] 2942  - 02/18/2026, 3:52:21 PM     LOG [RouterExplorer] Mapped {/webhooks, PUT} route +0ms
Feb 18 15:52:21 cfx337 pnpm[2942]: [Nest] 2942  - 02/18/2026, 3:52:21 PM     LOG [RouterExplorer] Mapped {/webhooks/:id, DELETE} route +0ms
Feb 18 15:52:21 cfx337 pnpm[2942]: [Nest] 2942  - 02/18/2026, 3:52:21 PM     LOG [RouterExplorer] Mapped {/webhooks/send, POST} route +1ms
Feb 18 15:52:21 cfx337 pnpm[2942]: [Nest] 2942  - 02/18/2026, 3:52:21 PM     LOG [RoutesResolver] SignatureController {/signatures}: +0ms
Feb 18 15:52:21 cfx337 pnpm[2942]: [Nest] 2942  - 02/18/2026, 3:52:21 PM     LOG [RouterExplorer] Mapped {/signatures, GET} route +0ms
Feb 18 15:52:21 cfx337 pnpm[2942]: [Nest] 2942  - 02/18/2026, 3:52:21 PM     LOG [RouterExplorer] Mapped {/signatures/default, GET} route +0ms
Feb 18 15:52:21 cfx337 pnpm[2942]: [Nest] 2942  - 02/18/2026, 3:52:21 PM     LOG [RouterExplorer] Mapped {/signatures, POST} route +0ms
Feb 18 15:52:21 cfx337 pnpm[2942]: [Nest] 2942  - 02/18/2026, 3:52:21 PM     LOG [RouterExplorer] Mapped {/signatures/:id, DELETE} route +1ms
Feb 18 15:52:21 cfx337 pnpm[2942]: [Nest] 2942  - 02/18/2026, 3:52:21 PM     LOG [RouterExplorer] Mapped {/signatures/:id, PUT} route +0ms
Feb 18 15:52:21 cfx337 pnpm[2942]: [Nest] 2942  - 02/18/2026, 3:52:21 PM     LOG [RoutesResolver] AutopostController {/autopost}: +0ms
Feb 18 15:52:21 cfx337 pnpm[2942]: [Nest] 2942  - 02/18/2026, 3:52:21 PM     LOG [RouterExplorer] Mapped {/autopost, GET} route +1ms
Feb 18 15:52:21 cfx337 pnpm[2942]: [Nest] 2942  - 02/18/2026, 3:52:21 PM     LOG [RouterExplorer] Mapped {/autopost, POST} route +0ms
Feb 18 15:52:21 cfx337 pnpm[2942]: [Nest] 2942  - 02/18/2026, 3:52:21 PM     LOG [RouterExplorer] Mapped {/autopost/:id, PUT} route +0ms
Feb 18 15:52:21 cfx337 pnpm[2942]: [Nest] 2942  - 02/18/2026, 3:52:21 PM     LOG [RouterExplorer] Mapped {/autopost/:id, DELETE} route +1ms
Feb 18 15:52:21 cfx337 pnpm[2942]: [Nest] 2942  - 02/18/2026, 3:52:21 PM     LOG [RouterExplorer] Mapped {/autopost/:id/active, POST} route +0ms
Feb 18 15:52:21 cfx337 pnpm[2942]: [Nest] 2942  - 02/18/2026, 3:52:21 PM     LOG [RouterExplorer] Mapped {/autopost/send, POST} route +0ms
Feb 18 15:52:21 cfx337 pnpm[2942]: [Nest] 2942  - 02/18/2026, 3:52:21 PM     LOG [RoutesResolver] SetsController {/sets}: +1ms
Feb 18 15:52:21 cfx337 pnpm[2942]: [Nest] 2942  - 02/18/2026, 3:52:21 PM     LOG [RouterExplorer] Mapped {/sets, GET} route +0ms
Feb 18 15:52:21 cfx337 pnpm[2942]: [Nest] 2942  - 02/18/2026, 3:52:21 PM     LOG [RouterExplorer] Mapped {/sets, POST} route +1ms
Feb 18 15:52:21 cfx337 pnpm[2942]: [Nest] 2942  - 02/18/2026, 3:52:21 PM     LOG [RouterExplorer] Mapped {/sets, PUT} route +0ms
Feb 18 15:52:21 cfx337 pnpm[2942]: [Nest] 2942  - 02/18/2026, 3:52:21 PM     LOG [RouterExplorer] Mapped {/sets/:id, DELETE} route +4ms
Feb 18 15:52:21 cfx337 pnpm[2942]: [Nest] 2942  - 02/18/2026, 3:52:21 PM     LOG [RoutesResolver] ThirdPartyController {/third-party}: +0ms
Feb 18 15:52:21 cfx337 pnpm[2942]: [Nest] 2942  - 02/18/2026, 3:52:21 PM     LOG [RouterExplorer] Mapped {/third-party/list, GET} route +0ms
Feb 18 15:52:21 cfx337 pnpm[2942]: [Nest] 2942  - 02/18/2026, 3:52:21 PM     LOG [RouterExplorer] Mapped {/third-party, GET} route +1ms
Feb 18 15:52:21 cfx337 pnpm[2942]: [Nest] 2942  - 02/18/2026, 3:52:21 PM     LOG [RouterExplorer] Mapped {/third-party/:id, DELETE} route +0ms
Feb 18 15:52:21 cfx337 pnpm[2942]: [Nest] 2942  - 02/18/2026, 3:52:21 PM     LOG [RouterExplorer] Mapped {/third-party/:id/submit, POST} route +0ms
Feb 18 15:52:21 cfx337 pnpm[2942]: [Nest] 2942  - 02/18/2026, 3:52:21 PM     LOG [RouterExplorer] Mapped {/third-party/function/:id/:functionName, POST} route +0ms
Feb 18 15:52:21 cfx337 pnpm[2942]: [Nest] 2942  - 02/18/2026, 3:52:21 PM     LOG [RouterExplorer] Mapped {/third-party/:identifier, POST} route +0ms
Feb 18 15:52:21 cfx337 pnpm[2942]: [Nest] 2942  - 02/18/2026, 3:52:21 PM     LOG [RoutesResolver] MaterialsController {/materials}: +0ms
Feb 18 15:52:21 cfx337 pnpm[2942]: [Nest] 2942  - 02/18/2026, 3:52:21 PM     LOG [RouterExplorer] Mapped {/materials/search, POST} route +1ms
Feb 18 15:52:21 cfx337 pnpm[2942]: [Nest] 2942  - 02/18/2026, 3:52:21 PM     LOG [RouterExplorer] Mapped {/materials/job-status, GET} route +0ms
Feb 18 15:52:21 cfx337 pnpm[2942]: [Nest] 2942  - 02/18/2026, 3:52:21 PM     LOG [RouterExplorer] Mapped {/materials/results, GET} route +0ms
Feb 18 15:52:21 cfx337 pnpm[2942]: [Nest] 2942  - 02/18/2026, 3:52:21 PM     LOG [RouterExplorer] Mapped {/materials/file/:jobId/:filename, GET} route +0ms
Feb 18 15:52:21 cfx337 pnpm[2942]: [Nest] 2942  - 02/18/2026, 3:52:21 PM     LOG [RouterExplorer] Mapped {/materials/login-status, GET} route +0ms
Feb 18 15:52:21 cfx337 pnpm[2942]: [Nest] 2942  - 02/18/2026, 3:52:21 PM     LOG [RouterExplorer] Mapped {/materials/enrich-profiles, POST} route +0ms
Feb 18 15:52:21 cfx337 pnpm[2942]: [Nest] 2942  - 02/18/2026, 3:52:21 PM     LOG [RouterExplorer] Mapped {/materials/trigger-login, POST} route +0ms
Feb 18 15:52:21 cfx337 pnpm[2942]: [Nest] 2942  - 02/18/2026, 3:52:21 PM     LOG [RouterExplorer] Mapped {/materials/submit-sms-code, POST} route +0ms
Feb 18 15:52:21 cfx337 pnpm[2942]: [Nest] 2942  - 02/18/2026, 3:52:21 PM     LOG [RouterExplorer] Mapped {/materials/login-qrcode, GET} route +0ms
Feb 18 15:52:21 cfx337 pnpm[2942]: [Nest] 2942  - 02/18/2026, 3:52:21 PM     LOG [RouterExplorer] Mapped {/materials/events, GET} route +1ms
Feb 18 15:52:21 cfx337 pnpm[2942]: [Nest] 2942  - 02/18/2026, 3:52:21 PM     LOG [RouterExplorer] Mapped {/materials/image-proxy, GET} route +0ms
Feb 18 15:52:21 cfx337 pnpm[2942]: [Nest] 2942  - 02/18/2026, 3:52:21 PM     LOG [RoutesResolver] FactoryController {/factory}: +0ms
Feb 18 15:52:21 cfx337 pnpm[2942]: [Nest] 2942  - 02/18/2026, 3:52:21 PM     LOG [RouterExplorer] Mapped {/factory/workflows/start, POST} route +0ms
Feb 18 15:52:21 cfx337 pnpm[2942]: [Nest] 2942  - 02/18/2026, 3:52:21 PM     LOG [RouterExplorer] Mapped {/factory/workflows/:workflowId, GET} route +0ms
Feb 18 15:52:21 cfx337 pnpm[2942]: [Nest] 2942  - 02/18/2026, 3:52:21 PM     LOG [RouterExplorer] Mapped {/factory/workflows/:workflowId/draft, GET} route +0ms
Feb 18 15:52:21 cfx337 pnpm[2942]: [Nest] 2942  - 02/18/2026, 3:52:21 PM     LOG [RouterExplorer] Mapped {/factory/workflows/status/batch, POST} route +0ms
Feb 18 15:52:21 cfx337 pnpm[2942]: [Nest] 2942  - 02/18/2026, 3:52:21 PM     LOG [RouterExplorer] Mapped {/factory/drafts/:draftId/review, POST} route +0ms
Feb 18 15:52:21 cfx337 pnpm[2942]: [Nest] 2942  - 02/18/2026, 3:52:21 PM     LOG [RouterExplorer] Mapped {/factory/drafts/review/bulk, POST} route +0ms
Feb 18 15:52:21 cfx337 pnpm[2942]: [Nest] 2942  - 02/18/2026, 3:52:21 PM     LOG [RouterExplorer] Mapped {/factory/workflows/:workflowId/cancel, POST} route +0ms
Feb 18 15:52:21 cfx337 pnpm[2942]: [Nest] 2942  - 02/18/2026, 3:52:21 PM     LOG [RouterExplorer] Mapped {/factory/workflows/cancel/bulk, POST} route +0ms
Feb 18 15:52:21 cfx337 pnpm[2942]: [Nest] 2942  - 02/18/2026, 3:52:21 PM     LOG [RouterExplorer] Mapped {/factory/workflows/paged, GET} route +1ms
Feb 18 15:52:21 cfx337 pnpm[2942]: [Nest] 2942  - 02/18/2026, 3:52:21 PM     LOG [RouterExplorer] Mapped {/factory/publish-jobs/:publishJobId/retry, POST} route +0ms
Feb 18 15:52:21 cfx337 pnpm[2942]: [Nest] 2942  - 02/18/2026, 3:52:21 PM     LOG [RouterExplorer] Mapped {/factory/publish-jobs/retry/bulk, POST} route +0ms
Feb 18 15:52:21 cfx337 pnpm[2942]: [Nest] 2942  - 02/18/2026, 3:52:21 PM     LOG [RouterExplorer] Mapped {/factory/publish-jobs/retry/failed, POST} route +0ms
Feb 18 15:52:21 cfx337 pnpm[2942]: [Nest] 2942  - 02/18/2026, 3:52:21 PM     LOG [RouterExplorer] Mapped {/factory/drafts, GET} route +0ms
Feb 18 15:52:21 cfx337 pnpm[2942]: [Nest] 2942  - 02/18/2026, 3:52:21 PM     LOG [RouterExplorer] Mapped {/factory/drafts/paged, GET} route +0ms
Feb 18 15:52:21 cfx337 pnpm[2942]: [Nest] 2942  - 02/18/2026, 3:52:21 PM     LOG [RouterExplorer] Mapped {/factory/content, GET} route +0ms
Feb 18 15:52:21 cfx337 pnpm[2942]: [Nest] 2942  - 02/18/2026, 3:52:21 PM     LOG [RouterExplorer] Mapped {/factory/content/paged, GET} route +0ms
Feb 18 15:52:21 cfx337 pnpm[2942]: [Nest] 2942  - 02/18/2026, 3:52:21 PM     LOG [RouterExplorer] Mapped {/factory/publish-jobs, GET} route +0ms
Feb 18 15:52:21 cfx337 pnpm[2942]: [Nest] 2942  - 02/18/2026, 3:52:21 PM     LOG [RouterExplorer] Mapped {/factory/drafts/:draftId/publish-job, GET} route +0ms
Feb 18 15:52:21 cfx337 pnpm[2942]: [Nest] 2942  - 02/18/2026, 3:52:21 PM     LOG [RouterExplorer] Mapped {/factory/publish-jobs/paged, GET} route +0ms
Feb 18 15:52:21 cfx337 pnpm[2942]: [Nest] 2942  - 02/18/2026, 3:52:21 PM     LOG [RouterExplorer] Mapped {/factory/metrics, GET} route +1ms
Feb 18 15:52:21 cfx337 pnpm[2942]: [Nest] 2942  - 02/18/2026, 3:52:21 PM     LOG [RouterExplorer] Mapped {/factory/metrics/stages, GET} route +0ms
Feb 18 15:52:21 cfx337 pnpm[2942]: [Nest] 2942  - 02/18/2026, 3:52:21 PM     LOG [RouterExplorer] Mapped {/factory/metrics/trend, GET} route +0ms
Feb 18 15:52:21 cfx337 pnpm[2942]: [Nest] 2942  - 02/18/2026, 3:52:21 PM     LOG [RouterExplorer] Mapped {/factory/publish-jobs/retry-insights, GET} route +0ms
Feb 18 15:52:21 cfx337 pnpm[2942]: [Nest] 2942  - 02/18/2026, 3:52:21 PM     LOG [RouterExplorer] Mapped {/factory/publish-jobs/retry-history, GET} route +0ms
Feb 18 15:52:21 cfx337 pnpm[2942]: [Nest] 2942  - 02/18/2026, 3:52:21 PM     LOG [RouterExplorer] Mapped {/factory/publish-jobs/retry-history/summary, GET} route +0ms
Feb 18 15:52:21 cfx337 pnpm[2942]: [Nest] 2942  - 02/18/2026, 3:52:21 PM     LOG [RouterExplorer] Mapped {/factory/publish-jobs/retry-history/export.csv, GET} route +0ms
Feb 18 15:52:21 cfx337 pnpm[2942]: [Nest] 2942  - 02/18/2026, 3:52:21 PM     LOG [RouterExplorer] Mapped {/factory/publish-jobs/retry-preview, GET} route +0ms
Feb 18 15:52:21 cfx337 pnpm[2942]: [Nest] 2942  - 02/18/2026, 3:52:21 PM     LOG [RouterExplorer] Mapped {/factory/publish-jobs/retry-history/:logId/replay, POST} route +0ms
Feb 18 15:52:21 cfx337 pnpm[2942]: [Nest] 2942  - 02/18/2026, 3:52:21 PM     LOG [RouterExplorer] Mapped {/factory/publish-jobs/retry-history/:logId, GET} route +1ms
Feb 18 15:52:21 cfx337 pnpm[2942]: [Nest] 2942  - 02/18/2026, 3:52:21 PM     LOG [RouterExplorer] Mapped {/factory/logs, GET} route +0ms
Feb 18 15:52:21 cfx337 pnpm[2942]: [Nest] 2942  - 02/18/2026, 3:52:21 PM     LOG [RouterExplorer] Mapped {/factory/logs/paged, GET} route +0ms
Feb 18 15:52:21 cfx337 pnpm[2942]: [Nest] 2942  - 02/18/2026, 3:52:21 PM     LOG [RouterExplorer] Mapped {/factory/logs/export.csv, GET} route +0ms
Feb 18 15:52:21 cfx337 pnpm[2942]: [Nest] 2942  - 02/18/2026, 3:52:21 PM     LOG [RoutesResolver] PublicIntegrationsController {/public/v1}: +0ms
Feb 18 15:52:21 cfx337 pnpm[2942]: [Nest] 2942  - 02/18/2026, 3:52:21 PM     LOG [RouterExplorer] Mapped {/public/v1/upload, POST} route +0ms
Feb 18 15:52:21 cfx337 pnpm[2942]: [Nest] 2942  - 02/18/2026, 3:52:21 PM     LOG [RouterExplorer] Mapped {/public/v1/upload-from-url, POST} route +0ms
Feb 18 15:52:21 cfx337 pnpm[2942]: [Nest] 2942  - 02/18/2026, 3:52:21 PM     LOG [RouterExplorer] Mapped {/public/v1/find-slot/:id, GET} route +1ms
Feb 18 15:52:21 cfx337 pnpm[2942]: [Nest] 2942  - 02/18/2026, 3:52:21 PM     LOG [RouterExplorer] Mapped {/public/v1/posts, GET} route +0ms
Feb 18 15:52:21 cfx337 pnpm[2942]: [Nest] 2942  - 02/18/2026, 3:52:21 PM     LOG [RouterExplorer] Mapped {/public/v1/posts, POST} route +0ms
Feb 18 15:52:21 cfx337 pnpm[2942]: [Nest] 2942  - 02/18/2026, 3:52:21 PM     LOG [RouterExplorer] Mapped {/public/v1/posts/:id, DELETE} route +0ms
Feb 18 15:52:21 cfx337 pnpm[2942]: [Nest] 2942  - 02/18/2026, 3:52:21 PM     LOG [RouterExplorer] Mapped {/public/v1/is-connected, GET} route +0ms
Feb 18 15:52:21 cfx337 pnpm[2942]: [Nest] 2942  - 02/18/2026, 3:52:21 PM     LOG [RouterExplorer] Mapped {/public/v1/integrations, GET} route +0ms
Feb 18 15:52:21 cfx337 pnpm[2942]: [Nest] 2942  - 02/18/2026, 3:52:21 PM     LOG [RouterExplorer] Mapped {/public/v1/generate-video, POST} route +0ms
Feb 18 15:52:21 cfx337 pnpm[2942]: [Nest] 2942  - 02/18/2026, 3:52:21 PM     LOG [RouterExplorer] Mapped {/public/v1/video/function, POST} route +0ms
Feb 18 15:52:22 cfx337 pnpm[2942]: [Nest] 2942  - 02/18/2026, 3:52:22 PM     LOG [NestApplication] Nest application successfully started +364ms
Feb 18 15:52:22 cfx337 pnpm[2942]: [Nest] 2942  - 02/18/2026, 3:52:22 PM    WARN [Configuration issue] MAIN_URL not set. 
Feb 18 15:52:22 cfx337 pnpm[2942]: [Nest] 2942  - 02/18/2026, 3:52:22 PM    WARN Configuration issues found: 1
Feb 18 15:52:22 cfx337 pnpm[2942]: [Nest] 2942  - 02/18/2026, 3:52:22 PM     LOG 🚀 Backend is running on: http://localhost:3000
Feb 18 15:56:35 cfx337 pnpm[2942]: [Nest] 2942  - 02/18/2026, 3:56:35 PM    WARN [MaterialsQueueService] [ensureCrawlerIdle] Existing crawler status=running, stopping before job login_dc3b7dd4-0cbe-4cb2-bad3-a82f63770f6a
Feb 18 15:56:36 cfx337 pnpm[2942]: [Nest] 2942  - 02/18/2026, 3:56:36 PM     LOG [MaterialsQueueService] [handleJob] Platform: xhs, hasValidLogin: false, recommendation: headed, message: No valid login state found. QR code login required.
Feb 18 16:01:00 cfx337 pnpm[2942]: [Nest] 2942  - 02/18/2026, 4:01:00 PM    WARN [MaterialsQueueService] [ensureCrawlerIdle] Existing crawler status=running, stopping before job login_b902269b-665b-4da2-9607-2b507049e0b3
Feb 18 16:01:01 cfx337 pnpm[2942]: [Nest] 2942  - 02/18/2026, 4:01:01 PM     LOG [MaterialsQueueService] [handleJob] Platform: xhs, hasValidLogin: false, recommendation: headed, message: No valid login state found. QR code login required.
Feb 18 16:04:15 cfx337 pnpm[2942]: [Nest] 2942  - 02/18/2026, 4:04:15 PM     LOG [MaterialsQueueService] [handleJob] Platform: xhs, hasValidLogin: false, recommendation: headed, message: No valid login state found. QR code login required.
Feb 18 16:09:43 cfx337 pnpm[2942]: [Nest] 2942  - 02/18/2026, 4:09:43 PM     LOG [MaterialsQueueService] [handleJob] Platform: xhs, hasValidLogin: false, recommendation: headed, message: No valid login state found. QR code login required.
Feb 18 16:11:01 cfx337 pnpm[2942]: [Nest] 2942  - 02/18/2026, 4:11:01 PM     LOG [MaterialsQueueService] [handleJob] Platform: xhs, hasValidLogin: false, recommendation: headed, message: No valid login state found. QR code login required.
Feb 18 16:13:53 cfx337 pnpm[2942]: [Nest] 2942  - 02/18/2026, 4:13:53 PM     LOG [MaterialsQueueService] [handleJob] Platform: xhs, hasValidLogin: false, recommendation: headed, message: No valid login state found. QR code login required.
Feb 18 16:22:06 cfx337 pnpm[2942]: [Nest] 2942  - 02/18/2026, 4:22:06 PM     LOG [MaterialsQueueService] [handleJob] Platform: xhs, hasValidLogin: false, recommendation: headed, message: No valid login state found. QR code login required.
Feb 18 16:25:35 cfx337 systemd[1]: Stopping postiz-dev-backend.service - Postiz Backend Dev (System)...
Feb 18 16:25:35 cfx337 pnpm[2778]: /home/lbx/postiz-app/apps/backend:
Feb 18 16:25:35 cfx337 pnpm[2778]:  ERR_PNPM_RECURSIVE_RUN_FIRST_FAIL  postiz-backend@1.0.0 dev: `dotenv -e ../../.env -- nest start --watch --entryFile=./apps/backend/src/main`
Feb 18 16:25:35 cfx337 pnpm[2778]: Command failed with signal "SIGTERM"
Feb 18 16:25:35 cfx337 systemd[1]: postiz-dev-backend.service: Deactivated successfully.
Feb 18 16:25:35 cfx337 systemd[1]: Stopped postiz-dev-backend.service - Postiz Backend Dev (System).
Feb 18 16:25:35 cfx337 systemd[1]: postiz-dev-backend.service: Consumed 1min 30.834s CPU time.
Feb 18 16:25:36 cfx337 systemd[1]: Started postiz-dev-backend.service - Postiz Backend Dev (System).
Feb 18 16:25:36 cfx337 pnpm[6351]: > postiz-backend@1.0.0 dev /home/lbx/postiz-app/apps/backend
Feb 18 16:25:36 cfx337 pnpm[6351]: > dotenv -e ../../.env -- nest start --watch --entryFile=./apps/backend/src/main
Feb 18 16:25:37 cfx337 pnpm[6372]: [52B blob data]
Feb 18 16:25:39 cfx337 pnpm[6372]: To restart at any time, enter rs.
Feb 18 16:26:04 cfx337 pnpm[6372]: [4:26:04 PM] Found 0 errors. Watching for file changes.
Feb 18 16:26:09 cfx337 pnpm[6530]: [Nest] 6530  - 02/18/2026, 4:26:09 PM     LOG [NestFactory] Starting Nest application...
Feb 18 16:26:09 cfx337 pnpm[6530]: [Nest] 6530  - 02/18/2026, 4:26:09 PM     LOG [TemporalConnectionFactory] Creating new client connection to 127.0.0.1:7233 (attempt 1)
Feb 18 16:26:09 cfx337 pnpm[6530]: [Nest] 6530  - 02/18/2026, 4:26:09 PM     LOG [TemporalConnectionFactory] TemporalConnectionFactory
Feb 18 16:26:09 cfx337 pnpm[6530]: [Nest] 6530  - 02/18/2026, 4:26:09 PM     LOG [InstanceLoader] SentryModule dependencies initialized +22ms
Feb 18 16:26:09 cfx337 pnpm[6530]: [Nest] 6530  - 02/18/2026, 4:26:09 PM     LOG [InstanceLoader] UploadModule dependencies initialized +1ms
Feb 18 16:26:09 cfx337 pnpm[6530]: [Nest] 6530  - 02/18/2026, 4:26:09 PM     LOG [TemporalConnectionFactory] Successfully connected to 127.0.0.1:7233
Feb 18 16:26:09 cfx337 pnpm[6530]: [Nest] 6530  - 02/18/2026, 4:26:09 PM     LOG [TemporalConnectionFactory] TemporalConnectionFactory
Feb 18 16:26:09 cfx337 pnpm[6530]: [Nest] 6530  - 02/18/2026, 4:26:09 PM     LOG [InstanceLoader] ThrottlerModule dependencies initialized +6ms
Feb 18 16:26:09 cfx337 pnpm[6530]: [Nest] 6530  - 02/18/2026, 4:26:09 PM     LOG [InstanceLoader] DiscoveryModule dependencies initialized +2ms
Feb 18 16:26:09 cfx337 pnpm[6530]: [Nest] 6530  - 02/18/2026, 4:26:09 PM     LOG [InstanceLoader] VideoModule dependencies initialized +0ms
Feb 18 16:26:09 cfx337 pnpm[6530]: [Nest] 6530  - 02/18/2026, 4:26:09 PM     LOG [InstanceLoader] MaterialsModule dependencies initialized +1ms
Feb 18 16:26:09 cfx337 pnpm[6530]: [Nest] 6530  - 02/18/2026, 4:26:09 PM     LOG [InstanceLoader] ThirdPartyModule dependencies initialized +0ms
Feb 18 16:26:09 cfx337 pnpm[6530]: [Nest] 6530  - 02/18/2026, 4:26:09 PM     LOG [TemporalConnectionFactory] Worker connection established to 127.0.0.1:7233
Feb 18 16:26:09 cfx337 pnpm[6530]: [Nest] 6530  - 02/18/2026, 4:26:09 PM     LOG [TemporalConnectionFactory] TemporalConnectionFactory
Feb 18 16:26:09 cfx337 pnpm[6530]: [Nest] 6530  - 02/18/2026, 4:26:09 PM     LOG [InstanceLoader] TemporalModule dependencies initialized +1ms
Feb 18 16:26:09 cfx337 pnpm[6530]: Email service provider: no provider
Feb 18 16:26:09 cfx337 pnpm[6530]: [Nest] 6530  - 02/18/2026, 4:26:09 PM     LOG [InstanceLoader] TemporalRegisterMissingSearchAttributesModule dependencies initialized +1ms
Feb 18 16:26:09 cfx337 pnpm[6530]: [Nest] 6530  - 02/18/2026, 4:26:09 PM     LOG [InstanceLoader] InfiniteWorkflowRegisterModule dependencies initialized +0ms
Feb 18 16:26:09 cfx337 pnpm[6530]: [Nest] 6530  - 02/18/2026, 4:26:09 PM     LOG [InstanceLoader] DatabaseModule dependencies initialized +1ms
Feb 18 16:26:09 cfx337 pnpm[6530]: [Nest] 6530  - 02/18/2026, 4:26:09 PM     LOG [InstanceLoader] AgentModule dependencies initialized +0ms
Feb 18 16:26:09 cfx337 pnpm[6530]: [Nest] 6530  - 02/18/2026, 4:26:09 PM     LOG [InstanceLoader] ChatModule dependencies initialized +0ms
Feb 18 16:26:09 cfx337 pnpm[6530]: [Nest] 6530  - 02/18/2026, 4:26:09 PM     LOG [InstanceLoader] AppModule dependencies initialized +0ms
Feb 18 16:26:09 cfx337 pnpm[6530]: [Nest] 6530  - 02/18/2026, 4:26:09 PM     LOG [InstanceLoader] PublicApiModule dependencies initialized +3ms
Feb 18 16:26:09 cfx337 pnpm[6530]: [Nest] 6530  - 02/18/2026, 4:26:09 PM     LOG [InstanceLoader] ApiModule dependencies initialized +0ms
Feb 18 16:26:09 cfx337 pnpm[6530]: Mastra telemetry is enabled, but the required instrumentation file was not loaded. If you are using Mastra outside of the mastra server environment, see: https://mastra.ai/en/docs/observability/tracing#tracing-outside-mastra-server-environment If you are using a custom instrumentation file or want to disable this warning, set the globalThis.___MASTRA_TELEMETRY___ variable to true in your instrumentation file.
Feb 18 16:26:09 cfx337 pnpm[6530]: Mastra telemetry is deprecated and will be removed on the Nov 4th release. Instead use AI Tracing. More info can be found here: https://github.com/mastra-ai/mastra/issues/8577 and here: https://mastra.ai/en/docs/observability/ai-tracing/overview
Feb 18 16:26:09 cfx337 pnpm[6530]: [Nest] 6530  - 02/18/2026, 4:26:09 PM     LOG [RoutesResolver] RootController {/}: +112ms
Feb 18 16:26:09 cfx337 pnpm[6530]: [Nest] 6530  - 02/18/2026, 4:26:09 PM     LOG [RouterExplorer] Mapped {/, GET} route +2ms
Feb 18 16:26:09 cfx337 pnpm[6530]: [Nest] 6530  - 02/18/2026, 4:26:09 PM     LOG [RoutesResolver] StripeController {/stripe}: +0ms
Feb 18 16:26:09 cfx337 pnpm[6530]: [Nest] 6530  - 02/18/2026, 4:26:09 PM     LOG [RouterExplorer] Mapped {/stripe, POST} route +1ms
Feb 18 16:26:09 cfx337 pnpm[6530]: [Nest] 6530  - 02/18/2026, 4:26:09 PM     LOG [RoutesResolver] AuthController {/auth}: +0ms
Feb 18 16:26:09 cfx337 pnpm[6530]: [Nest] 6530  - 02/18/2026, 4:26:09 PM     LOG [RouterExplorer] Mapped {/auth/can-register, GET} route +0ms
Feb 18 16:26:09 cfx337 pnpm[6530]: [Nest] 6530  - 02/18/2026, 4:26:09 PM     LOG [RouterExplorer] Mapped {/auth/register, POST} route +1ms
Feb 18 16:26:09 cfx337 pnpm[6530]: [Nest] 6530  - 02/18/2026, 4:26:09 PM     LOG [RouterExplorer] Mapped {/auth/login, POST} route +0ms
Feb 18 16:26:09 cfx337 pnpm[6530]: [Nest] 6530  - 02/18/2026, 4:26:09 PM     LOG [RouterExplorer] Mapped {/auth/forgot, POST} route +0ms
Feb 18 16:26:09 cfx337 pnpm[6530]: [Nest] 6530  - 02/18/2026, 4:26:09 PM     LOG [RouterExplorer] Mapped {/auth/forgot-return, POST} route +0ms
Feb 18 16:26:09 cfx337 pnpm[6530]: [Nest] 6530  - 02/18/2026, 4:26:09 PM     LOG [RouterExplorer] Mapped {/auth/oauth/:provider, GET} route +1ms
Feb 18 16:26:09 cfx337 pnpm[6530]: [Nest] 6530  - 02/18/2026, 4:26:09 PM     LOG [RouterExplorer] Mapped {/auth/activate, POST} route +0ms
Feb 18 16:26:09 cfx337 pnpm[6530]: [Nest] 6530  - 02/18/2026, 4:26:09 PM     LOG [RouterExplorer] Mapped {/auth/oauth/:provider/exists, POST} route +0ms
Feb 18 16:26:09 cfx337 pnpm[6530]: [Nest] 6530  - 02/18/2026, 4:26:09 PM     LOG [RoutesResolver] PublicController {/public}: +1ms
Feb 18 16:26:09 cfx337 pnpm[6530]: [Nest] 6530  - 02/18/2026, 4:26:09 PM     LOG [RouterExplorer] Mapped {/public/agent, POST} route +0ms
Feb 18 16:26:09 cfx337 pnpm[6530]: [Nest] 6530  - 02/18/2026, 4:26:09 PM     LOG [RouterExplorer] Mapped {/public/agencies-list, GET} route +0ms
Feb 18 16:26:09 cfx337 pnpm[6530]: [Nest] 6530  - 02/18/2026, 4:26:09 PM     LOG [RouterExplorer] Mapped {/public/agencies-list-slug, GET} route +0ms
Feb 18 16:26:09 cfx337 pnpm[6530]: [Nest] 6530  - 02/18/2026, 4:26:09 PM     LOG [RouterExplorer] Mapped {/public/agencies-information/:agency, GET} route +0ms
Feb 18 16:26:09 cfx337 pnpm[6530]: [Nest] 6530  - 02/18/2026, 4:26:09 PM     LOG [RouterExplorer] Mapped {/public/agencies-list-count, GET} route +0ms
Feb 18 16:26:09 cfx337 pnpm[6530]: [Nest] 6530  - 02/18/2026, 4:26:09 PM     LOG [RouterExplorer] Mapped {/public/posts/:id, GET} route +0ms
Feb 18 16:26:09 cfx337 pnpm[6530]: [Nest] 6530  - 02/18/2026, 4:26:09 PM     LOG [RouterExplorer] Mapped {/public/posts/:id/comments, GET} route +1ms
Feb 18 16:26:09 cfx337 pnpm[6530]: [Nest] 6530  - 02/18/2026, 4:26:09 PM     LOG [RouterExplorer] Mapped {/public/t, POST} route +0ms
Feb 18 16:26:09 cfx337 pnpm[6530]: [Nest] 6530  - 02/18/2026, 4:26:09 PM     LOG [RouterExplorer] Mapped {/public/crypto/:path, POST} route +0ms
Feb 18 16:26:09 cfx337 pnpm[6530]: [Nest] 6530  - 02/18/2026, 4:26:09 PM     LOG [RouterExplorer] Mapped {/public/stream, GET} route +0ms
Feb 18 16:26:09 cfx337 pnpm[6530]: [Nest] 6530  - 02/18/2026, 4:26:09 PM     LOG [RoutesResolver] MonitorController {/monitor}: +0ms
Feb 18 16:26:09 cfx337 pnpm[6530]: [Nest] 6530  - 02/18/2026, 4:26:09 PM     LOG [RouterExplorer] Mapped {/monitor/queue/:name, GET} route +0ms
Feb 18 16:26:09 cfx337 pnpm[6530]: [Nest] 6530  - 02/18/2026, 4:26:09 PM     LOG [RoutesResolver] PublicMediaController {/public/media}: +0ms
Feb 18 16:26:09 cfx337 pnpm[6530]: [Nest] 6530  - 02/18/2026, 4:26:09 PM     LOG [RouterExplorer] Mapped {/public/media/proxy, GET} route +0ms
Feb 18 16:26:09 cfx337 pnpm[6530]: [Nest] 6530  - 02/18/2026, 4:26:09 PM     LOG [RoutesResolver] UsersController {/user}: +0ms
Feb 18 16:26:09 cfx337 pnpm[6530]: [Nest] 6530  - 02/18/2026, 4:26:09 PM     LOG [RouterExplorer] Mapped {/user/self, GET} route +0ms
Feb 18 16:26:09 cfx337 pnpm[6530]: [Nest] 6530  - 02/18/2026, 4:26:09 PM     LOG [RouterExplorer] Mapped {/user/personal, GET} route +1ms
Feb 18 16:26:09 cfx337 pnpm[6530]: [Nest] 6530  - 02/18/2026, 4:26:09 PM     LOG [RouterExplorer] Mapped {/user/impersonate, GET} route +0ms
Feb 18 16:26:09 cfx337 pnpm[6530]: [Nest] 6530  - 02/18/2026, 4:26:09 PM     LOG [RouterExplorer] Mapped {/user/impersonate, POST} route +0ms
Feb 18 16:26:09 cfx337 pnpm[6530]: [Nest] 6530  - 02/18/2026, 4:26:09 PM     LOG [RouterExplorer] Mapped {/user/personal, POST} route +0ms
Feb 18 16:26:09 cfx337 pnpm[6530]: [Nest] 6530  - 02/18/2026, 4:26:09 PM     LOG [RouterExplorer] Mapped {/user/email-notifications, GET} route +0ms
Feb 18 16:26:09 cfx337 pnpm[6530]: [Nest] 6530  - 02/18/2026, 4:26:09 PM     LOG [RouterExplorer] Mapped {/user/email-notifications, POST} route +0ms
Feb 18 16:26:09 cfx337 pnpm[6530]: [Nest] 6530  - 02/18/2026, 4:26:09 PM     LOG [RouterExplorer] Mapped {/user/subscription, GET} route +0ms
Feb 18 16:26:09 cfx337 pnpm[6530]: [Nest] 6530  - 02/18/2026, 4:26:09 PM     LOG [RouterExplorer] Mapped {/user/subscription/tiers, GET} route +0ms
Feb 18 16:26:09 cfx337 pnpm[6530]: [Nest] 6530  - 02/18/2026, 4:26:09 PM     LOG [RouterExplorer] Mapped {/user/join-org, POST} route +0ms
Feb 18 16:26:09 cfx337 pnpm[6530]: [Nest] 6530  - 02/18/2026, 4:26:09 PM     LOG [RouterExplorer] Mapped {/user/organizations, GET} route +0ms
Feb 18 16:26:09 cfx337 pnpm[6530]: [Nest] 6530  - 02/18/2026, 4:26:09 PM     LOG [RouterExplorer] Mapped {/user/change-org, POST} route +0ms
Feb 18 16:26:09 cfx337 pnpm[6530]: [Nest] 6530  - 02/18/2026, 4:26:09 PM     LOG [RouterExplorer] Mapped {/user/logout, POST} route +0ms
Feb 18 16:26:09 cfx337 pnpm[6530]: [Nest] 6530  - 02/18/2026, 4:26:09 PM     LOG [RouterExplorer] Mapped {/user/t, POST} route +1ms
Feb 18 16:26:09 cfx337 pnpm[6530]: [Nest] 6530  - 02/18/2026, 4:26:09 PM     LOG [RoutesResolver] AnalyticsController {/analytics}: +0ms
Feb 18 16:26:09 cfx337 pnpm[6530]: [Nest] 6530  - 02/18/2026, 4:26:09 PM     LOG [RouterExplorer] Mapped {/analytics/:integration, GET} route +0ms
Feb 18 16:26:09 cfx337 pnpm[6530]: [Nest] 6530  - 02/18/2026, 4:26:09 PM     LOG [RoutesResolver] IntegrationsController {/integrations}: +0ms
Feb 18 16:26:09 cfx337 pnpm[6530]: [Nest] 6530  - 02/18/2026, 4:26:09 PM     LOG [RouterExplorer] Mapped {/integrations, GET} route +0ms
Feb 18 16:26:09 cfx337 pnpm[6530]: [Nest] 6530  - 02/18/2026, 4:26:09 PM     LOG [RouterExplorer] Mapped {/integrations/:identifier/internal-plugs, GET} route +0ms
Feb 18 16:26:09 cfx337 pnpm[6530]: [Nest] 6530  - 02/18/2026, 4:26:09 PM     LOG [RouterExplorer] Mapped {/integrations/customers, GET} route +0ms
Feb 18 16:26:09 cfx337 pnpm[6530]: [Nest] 6530  - 02/18/2026, 4:26:09 PM     LOG [RouterExplorer] Mapped {/integrations/:id/group, PUT} route +1ms
Feb 18 16:26:09 cfx337 pnpm[6530]: [Nest] 6530  - 02/18/2026, 4:26:09 PM     LOG [RouterExplorer] Mapped {/integrations/:id/customer-name, PUT} route +0ms
Feb 18 16:26:09 cfx337 pnpm[6530]: [Nest] 6530  - 02/18/2026, 4:26:09 PM     LOG [RouterExplorer] Mapped {/integrations/list, GET} route +0ms
Feb 18 16:26:09 cfx337 pnpm[6530]: [Nest] 6530  - 02/18/2026, 4:26:09 PM     LOG [RouterExplorer] Mapped {/integrations/:id/settings, POST} route +0ms
Feb 18 16:26:09 cfx337 pnpm[6530]: [Nest] 6530  - 02/18/2026, 4:26:09 PM     LOG [RouterExplorer] Mapped {/integrations/:id/nickname, POST} route +0ms
Feb 18 16:26:09 cfx337 pnpm[6530]: [Nest] 6530  - 02/18/2026, 4:26:09 PM     LOG [RouterExplorer] Mapped {/integrations/:id, GET} route +0ms
Feb 18 16:26:09 cfx337 pnpm[6530]: [Nest] 6530  - 02/18/2026, 4:26:09 PM     LOG [RouterExplorer] Mapped {/integrations/social/:integration, GET} route +0ms
Feb 18 16:26:09 cfx337 pnpm[6530]: [Nest] 6530  - 02/18/2026, 4:26:09 PM     LOG [RouterExplorer] Mapped {/integrations/:id/time, POST} route +0ms
Feb 18 16:26:09 cfx337 pnpm[6530]: [Nest] 6530  - 02/18/2026, 4:26:09 PM     LOG [RouterExplorer] Mapped {/integrations/mentions, POST} route +0ms
Feb 18 16:26:09 cfx337 pnpm[6530]: [Nest] 6530  - 02/18/2026, 4:26:09 PM     LOG [RouterExplorer] Mapped {/integrations/function, POST} route +0ms
Feb 18 16:26:09 cfx337 pnpm[6530]: [Nest] 6530  - 02/18/2026, 4:26:09 PM     LOG [RouterExplorer] Mapped {/integrations/social/:integration/connect, POST} route +1ms
Feb 18 16:26:09 cfx337 pnpm[6530]: [Nest] 6530  - 02/18/2026, 4:26:09 PM     LOG [RouterExplorer] Mapped {/integrations/disable, POST} route +0ms
Feb 18 16:26:09 cfx337 pnpm[6530]: [Nest] 6530  - 02/18/2026, 4:26:09 PM     LOG [RouterExplorer] Mapped {/integrations/provider/:id/connect, POST} route +0ms
Feb 18 16:26:09 cfx337 pnpm[6530]: [Nest] 6530  - 02/18/2026, 4:26:09 PM     LOG [RouterExplorer] Mapped {/integrations/enable, POST} route +0ms
Feb 18 16:26:09 cfx337 pnpm[6530]: [Nest] 6530  - 02/18/2026, 4:26:09 PM     LOG [RouterExplorer] Mapped {/integrations, DELETE} route +0ms
Feb 18 16:26:09 cfx337 pnpm[6530]: [Nest] 6530  - 02/18/2026, 4:26:09 PM     LOG [RouterExplorer] Mapped {/integrations/plug/list, GET} route +0ms
Feb 18 16:26:09 cfx337 pnpm[6530]: [Nest] 6530  - 02/18/2026, 4:26:09 PM     LOG [RouterExplorer] Mapped {/integrations/:id/plugs, GET} route +0ms
Feb 18 16:26:09 cfx337 pnpm[6530]: [Nest] 6530  - 02/18/2026, 4:26:09 PM     LOG [RouterExplorer] Mapped {/integrations/:id/plugs, POST} route +0ms
Feb 18 16:26:09 cfx337 pnpm[6530]: [Nest] 6530  - 02/18/2026, 4:26:09 PM     LOG [RouterExplorer] Mapped {/integrations/plugs/:id/activate, PUT} route +0ms
Feb 18 16:26:09 cfx337 pnpm[6530]: [Nest] 6530  - 02/18/2026, 4:26:09 PM     LOG [RouterExplorer] Mapped {/integrations/telegram/updates, GET} route +1ms
Feb 18 16:26:09 cfx337 pnpm[6530]: [Nest] 6530  - 02/18/2026, 4:26:09 PM     LOG [RoutesResolver] SettingsController {/settings}: +0ms
Feb 18 16:26:09 cfx337 pnpm[6530]: [Nest] 6530  - 02/18/2026, 4:26:09 PM     LOG [RouterExplorer] Mapped {/settings/team, GET} route +0ms
Feb 18 16:26:09 cfx337 pnpm[6530]: [Nest] 6530  - 02/18/2026, 4:26:09 PM     LOG [RouterExplorer] Mapped {/settings/team, POST} route +0ms
Feb 18 16:26:09 cfx337 pnpm[6530]: [Nest] 6530  - 02/18/2026, 4:26:09 PM     LOG [RouterExplorer] Mapped {/settings/team/:id, DELETE} route +0ms
Feb 18 16:26:09 cfx337 pnpm[6530]: [Nest] 6530  - 02/18/2026, 4:26:09 PM     LOG [RoutesResolver] PostsController {/posts}: +0ms
Feb 18 16:26:09 cfx337 pnpm[6530]: [Nest] 6530  - 02/18/2026, 4:26:09 PM     LOG [RouterExplorer] Mapped {/posts/:id/statistics, GET} route +0ms
Feb 18 16:26:09 cfx337 pnpm[6530]: [Nest] 6530  - 02/18/2026, 4:26:09 PM     LOG [RouterExplorer] Mapped {/posts/should-shortlink, POST} route +0ms
Feb 18 16:26:09 cfx337 pnpm[6530]: [Nest] 6530  - 02/18/2026, 4:26:09 PM     LOG [RouterExplorer] Mapped {/posts/:id/comments, POST} route +0ms
Feb 18 16:26:09 cfx337 pnpm[6530]: [Nest] 6530  - 02/18/2026, 4:26:09 PM     LOG [RouterExplorer] Mapped {/posts/tags, GET} route +0ms
Feb 18 16:26:09 cfx337 pnpm[6530]: [Nest] 6530  - 02/18/2026, 4:26:09 PM     LOG [RouterExplorer] Mapped {/posts/tags, POST} route +1ms
Feb 18 16:26:09 cfx337 pnpm[6530]: [Nest] 6530  - 02/18/2026, 4:26:09 PM     LOG [RouterExplorer] Mapped {/posts/tags/:id, PUT} route +0ms
Feb 18 16:26:09 cfx337 pnpm[6530]: [Nest] 6530  - 02/18/2026, 4:26:09 PM     LOG [RouterExplorer] Mapped {/posts, GET} route +0ms
Feb 18 16:26:09 cfx337 pnpm[6530]: [Nest] 6530  - 02/18/2026, 4:26:09 PM     LOG [RouterExplorer] Mapped {/posts/find-slot, GET} route +0ms
Feb 18 16:26:09 cfx337 pnpm[6530]: [Nest] 6530  - 02/18/2026, 4:26:09 PM     LOG [RouterExplorer] Mapped {/posts/find-slot/:id, GET} route +0ms
Feb 18 16:26:09 cfx337 pnpm[6530]: [Nest] 6530  - 02/18/2026, 4:26:09 PM     LOG [RouterExplorer] Mapped {/posts/old, GET} route +0ms
Feb 18 16:26:09 cfx337 pnpm[6530]: [Nest] 6530  - 02/18/2026, 4:26:09 PM     LOG [RouterExplorer] Mapped {/posts/group/:group, GET} route +0ms
Feb 18 16:26:09 cfx337 pnpm[6530]: [Nest] 6530  - 02/18/2026, 4:26:09 PM     LOG [RouterExplorer] Mapped {/posts/:id, GET} route +0ms
Feb 18 16:26:09 cfx337 pnpm[6530]: [Nest] 6530  - 02/18/2026, 4:26:09 PM     LOG [RouterExplorer] Mapped {/posts, POST} route +0ms
Feb 18 16:26:09 cfx337 pnpm[6530]: [Nest] 6530  - 02/18/2026, 4:26:09 PM     LOG [RouterExplorer] Mapped {/posts/generator/draft, POST} route +0ms
Feb 18 16:26:09 cfx337 pnpm[6530]: [Nest] 6530  - 02/18/2026, 4:26:09 PM     LOG [RouterExplorer] Mapped {/posts/generator, POST} route +0ms
Feb 18 16:26:09 cfx337 pnpm[6530]: [Nest] 6530  - 02/18/2026, 4:26:09 PM     LOG [RouterExplorer] Mapped {/posts/:group, DELETE} route +1ms
Feb 18 16:26:09 cfx337 pnpm[6530]: [Nest] 6530  - 02/18/2026, 4:26:09 PM     LOG [RouterExplorer] Mapped {/posts/:id/date, PUT} route +0ms
Feb 18 16:26:09 cfx337 pnpm[6530]: [Nest] 6530  - 02/18/2026, 4:26:09 PM     LOG [RouterExplorer] Mapped {/posts/separate-posts, POST} route +0ms
Feb 18 16:26:09 cfx337 pnpm[6530]: [Nest] 6530  - 02/18/2026, 4:26:09 PM     LOG [RoutesResolver] MediaController {/media}: +0ms
Feb 18 16:26:09 cfx337 pnpm[6530]: [Nest] 6530  - 02/18/2026, 4:26:09 PM     LOG [RouterExplorer] Mapped {/media/:id, DELETE} route +0ms
Feb 18 16:26:09 cfx337 pnpm[6530]: [Nest] 6530  - 02/18/2026, 4:26:09 PM     LOG [RouterExplorer] Mapped {/media/generate-video, POST} route +0ms
Feb 18 16:26:09 cfx337 pnpm[6530]: [Nest] 6530  - 02/18/2026, 4:26:09 PM     LOG [RouterExplorer] Mapped {/media/generate-image, POST} route +0ms
Feb 18 16:26:09 cfx337 pnpm[6530]: [Nest] 6530  - 02/18/2026, 4:26:09 PM     LOG [RouterExplorer] Mapped {/media/generate-image-with-prompt, POST} route +0ms
Feb 18 16:26:09 cfx337 pnpm[6530]: [Nest] 6530  - 02/18/2026, 4:26:09 PM     LOG [RouterExplorer] Mapped {/media/upload-server, POST} route +0ms
Feb 18 16:26:09 cfx337 pnpm[6530]: [Nest] 6530  - 02/18/2026, 4:26:09 PM     LOG [RouterExplorer] Mapped {/media/save-media, POST} route +0ms
Feb 18 16:26:09 cfx337 pnpm[6530]: [Nest] 6530  - 02/18/2026, 4:26:09 PM     LOG [RouterExplorer] Mapped {/media/information, POST} route +1ms
Feb 18 16:26:09 cfx337 pnpm[6530]: [Nest] 6530  - 02/18/2026, 4:26:09 PM     LOG [RouterExplorer] Mapped {/media/upload-simple, POST} route +0ms
Feb 18 16:26:09 cfx337 pnpm[6530]: [Nest] 6530  - 02/18/2026, 4:26:09 PM     LOG [RouterExplorer] Mapped {/media/:endpoint, POST} route +0ms
Feb 18 16:26:09 cfx337 pnpm[6530]: [Nest] 6530  - 02/18/2026, 4:26:09 PM     LOG [RouterExplorer] Mapped {/media, GET} route +0ms
Feb 18 16:26:09 cfx337 pnpm[6530]: [Nest] 6530  - 02/18/2026, 4:26:09 PM     LOG [RouterExplorer] Mapped {/media/video-options, GET} route +0ms
Feb 18 16:26:09 cfx337 pnpm[6530]: [Nest] 6530  - 02/18/2026, 4:26:09 PM     LOG [RouterExplorer] Mapped {/media/video/function, POST} route +0ms
Feb 18 16:26:09 cfx337 pnpm[6530]: [Nest] 6530  - 02/18/2026, 4:26:09 PM     LOG [RouterExplorer] Mapped {/media/generate-video/:type/allowed, GET} route +0ms
Feb 18 16:26:09 cfx337 pnpm[6530]: [Nest] 6530  - 02/18/2026, 4:26:09 PM     LOG [RoutesResolver] BillingController {/billing}: +0ms
Feb 18 16:26:09 cfx337 pnpm[6530]: [Nest] 6530  - 02/18/2026, 4:26:09 PM     LOG [RouterExplorer] Mapped {/billing/check/:id, GET} route +0ms
Feb 18 16:26:09 cfx337 pnpm[6530]: [Nest] 6530  - 02/18/2026, 4:26:09 PM     LOG [RouterExplorer] Mapped {/billing/check-discount, GET} route +0ms
Feb 18 16:26:09 cfx337 pnpm[6530]: [Nest] 6530  - 02/18/2026, 4:26:09 PM     LOG [RouterExplorer] Mapped {/billing/apply-discount, POST} route +0ms
Feb 18 16:26:09 cfx337 pnpm[6530]: [Nest] 6530  - 02/18/2026, 4:26:09 PM     LOG [RouterExplorer] Mapped {/billing/finish-trial, POST} route +1ms
Feb 18 16:26:09 cfx337 pnpm[6530]: [Nest] 6530  - 02/18/2026, 4:26:09 PM     LOG [RouterExplorer] Mapped {/billing/is-trial-finished, GET} route +0ms
Feb 18 16:26:09 cfx337 pnpm[6530]: [Nest] 6530  - 02/18/2026, 4:26:09 PM     LOG [RouterExplorer] Mapped {/billing/embedded, POST} route +0ms
Feb 18 16:26:09 cfx337 pnpm[6530]: [Nest] 6530  - 02/18/2026, 4:26:09 PM     LOG [RouterExplorer] Mapped {/billing/subscribe, POST} route +0ms
Feb 18 16:26:09 cfx337 pnpm[6530]: [Nest] 6530  - 02/18/2026, 4:26:09 PM     LOG [RouterExplorer] Mapped {/billing/portal, GET} route +0ms
Feb 18 16:26:09 cfx337 pnpm[6530]: [Nest] 6530  - 02/18/2026, 4:26:09 PM     LOG [RouterExplorer] Mapped {/billing, GET} route +0ms
Feb 18 16:26:09 cfx337 pnpm[6530]: [Nest] 6530  - 02/18/2026, 4:26:09 PM     LOG [RouterExplorer] Mapped {/billing/cancel, POST} route +0ms
Feb 18 16:26:09 cfx337 pnpm[6530]: [Nest] 6530  - 02/18/2026, 4:26:09 PM     LOG [RouterExplorer] Mapped {/billing/prorate, POST} route +0ms
Feb 18 16:26:09 cfx337 pnpm[6530]: [Nest] 6530  - 02/18/2026, 4:26:09 PM     LOG [RouterExplorer] Mapped {/billing/lifetime, POST} route +0ms
Feb 18 16:26:09 cfx337 pnpm[6530]: [Nest] 6530  - 02/18/2026, 4:26:09 PM     LOG [RouterExplorer] Mapped {/billing/add-subscription, POST} route +0ms
Feb 18 16:26:09 cfx337 pnpm[6530]: [Nest] 6530  - 02/18/2026, 4:26:09 PM     LOG [RouterExplorer] Mapped {/billing/crypto, GET} route +0ms
Feb 18 16:26:09 cfx337 pnpm[6530]: [Nest] 6530  - 02/18/2026, 4:26:09 PM     LOG [RoutesResolver] NotificationsController {/notifications}: +0ms
Feb 18 16:26:09 cfx337 pnpm[6530]: [Nest] 6530  - 02/18/2026, 4:26:09 PM     LOG [RouterExplorer] Mapped {/notifications, GET} route +0ms
Feb 18 16:26:09 cfx337 pnpm[6530]: [Nest] 6530  - 02/18/2026, 4:26:09 PM     LOG [RouterExplorer] Mapped {/notifications/list, GET} route +1ms
Feb 18 16:26:09 cfx337 pnpm[6530]: [Nest] 6530  - 02/18/2026, 4:26:09 PM     LOG [RoutesResolver] CopilotController {/copilot}: +0ms
Feb 18 16:26:09 cfx337 pnpm[6530]: [Nest] 6530  - 02/18/2026, 4:26:09 PM     LOG [RouterExplorer] Mapped {/copilot/chat, POST} route +0ms
Feb 18 16:26:09 cfx337 pnpm[6530]: [Nest] 6530  - 02/18/2026, 4:26:09 PM     LOG [RouterExplorer] Mapped {/copilot/agent, POST} route +0ms
Feb 18 16:26:09 cfx337 pnpm[6530]: [Nest] 6530  - 02/18/2026, 4:26:09 PM     LOG [RouterExplorer] Mapped {/copilot/credits, GET} route +0ms
Feb 18 16:26:09 cfx337 pnpm[6530]: [Nest] 6530  - 02/18/2026, 4:26:09 PM     LOG [RouterExplorer] Mapped {/copilot/:thread/list, GET} route +0ms
Feb 18 16:26:09 cfx337 pnpm[6530]: [Nest] 6530  - 02/18/2026, 4:26:09 PM     LOG [RouterExplorer] Mapped {/copilot/list, GET} route +0ms
Feb 18 16:26:09 cfx337 pnpm[6530]: [Nest] 6530  - 02/18/2026, 4:26:09 PM     LOG [RoutesResolver] WebhookController {/webhooks}: +0ms
Feb 18 16:26:09 cfx337 pnpm[6530]: [Nest] 6530  - 02/18/2026, 4:26:09 PM     LOG [RouterExplorer] Mapped {/webhooks, GET} route +0ms
Feb 18 16:26:09 cfx337 pnpm[6530]: [Nest] 6530  - 02/18/2026, 4:26:09 PM     LOG [RouterExplorer] Mapped {/webhooks, POST} route +0ms
Feb 18 16:26:09 cfx337 pnpm[6530]: [Nest] 6530  - 02/18/2026, 4:26:09 PM     LOG [RouterExplorer] Mapped {/webhooks, PUT} route +1ms
Feb 18 16:26:09 cfx337 pnpm[6530]: [Nest] 6530  - 02/18/2026, 4:26:09 PM     LOG [RouterExplorer] Mapped {/webhooks/:id, DELETE} route +0ms
Feb 18 16:26:09 cfx337 pnpm[6530]: [Nest] 6530  - 02/18/2026, 4:26:09 PM     LOG [RouterExplorer] Mapped {/webhooks/send, POST} route +0ms
Feb 18 16:26:09 cfx337 pnpm[6530]: [Nest] 6530  - 02/18/2026, 4:26:09 PM     LOG [RoutesResolver] SignatureController {/signatures}: +0ms
Feb 18 16:26:09 cfx337 pnpm[6530]: [Nest] 6530  - 02/18/2026, 4:26:09 PM     LOG [RouterExplorer] Mapped {/signatures, GET} route +0ms
Feb 18 16:26:09 cfx337 pnpm[6530]: [Nest] 6530  - 02/18/2026, 4:26:09 PM     LOG [RouterExplorer] Mapped {/signatures/default, GET} route +0ms
Feb 18 16:26:09 cfx337 pnpm[6530]: [Nest] 6530  - 02/18/2026, 4:26:09 PM     LOG [RouterExplorer] Mapped {/signatures, POST} route +0ms
Feb 18 16:26:09 cfx337 pnpm[6530]: [Nest] 6530  - 02/18/2026, 4:26:09 PM     LOG [RouterExplorer] Mapped {/signatures/:id, DELETE} route +0ms
Feb 18 16:26:09 cfx337 pnpm[6530]: [Nest] 6530  - 02/18/2026, 4:26:09 PM     LOG [RouterExplorer] Mapped {/signatures/:id, PUT} route +0ms
Feb 18 16:26:09 cfx337 pnpm[6530]: [Nest] 6530  - 02/18/2026, 4:26:09 PM     LOG [RoutesResolver] AutopostController {/autopost}: +0ms
Feb 18 16:26:09 cfx337 pnpm[6530]: [Nest] 6530  - 02/18/2026, 4:26:09 PM     LOG [RouterExplorer] Mapped {/autopost, GET} route +1ms
Feb 18 16:26:09 cfx337 pnpm[6530]: [Nest] 6530  - 02/18/2026, 4:26:09 PM     LOG [RouterExplorer] Mapped {/autopost, POST} route +0ms
Feb 18 16:26:09 cfx337 pnpm[6530]: [Nest] 6530  - 02/18/2026, 4:26:09 PM     LOG [RouterExplorer] Mapped {/autopost/:id, PUT} route +0ms
Feb 18 16:26:09 cfx337 pnpm[6530]: [Nest] 6530  - 02/18/2026, 4:26:09 PM     LOG [RouterExplorer] Mapped {/autopost/:id, DELETE} route +0ms
Feb 18 16:26:09 cfx337 pnpm[6530]: [Nest] 6530  - 02/18/2026, 4:26:09 PM     LOG [RouterExplorer] Mapped {/autopost/:id/active, POST} route +0ms
Feb 18 16:26:09 cfx337 pnpm[6530]: [Nest] 6530  - 02/18/2026, 4:26:09 PM     LOG [RouterExplorer] Mapped {/autopost/send, POST} route +0ms
Feb 18 16:26:09 cfx337 pnpm[6530]: [Nest] 6530  - 02/18/2026, 4:26:09 PM     LOG [RoutesResolver] SetsController {/sets}: +0ms
Feb 18 16:26:09 cfx337 pnpm[6530]: [Nest] 6530  - 02/18/2026, 4:26:09 PM     LOG [RouterExplorer] Mapped {/sets, GET} route +0ms
Feb 18 16:26:09 cfx337 pnpm[6530]: [Nest] 6530  - 02/18/2026, 4:26:09 PM     LOG [RouterExplorer] Mapped {/sets, POST} route +0ms
Feb 18 16:26:09 cfx337 pnpm[6530]: [Nest] 6530  - 02/18/2026, 4:26:09 PM     LOG [RouterExplorer] Mapped {/sets, PUT} route +0ms
Feb 18 16:26:09 cfx337 pnpm[6530]: [Nest] 6530  - 02/18/2026, 4:26:09 PM     LOG [RouterExplorer] Mapped {/sets/:id, DELETE} route +1ms
Feb 18 16:26:09 cfx337 pnpm[6530]: [Nest] 6530  - 02/18/2026, 4:26:09 PM     LOG [RoutesResolver] ThirdPartyController {/third-party}: +0ms
Feb 18 16:26:09 cfx337 pnpm[6530]: [Nest] 6530  - 02/18/2026, 4:26:09 PM     LOG [RouterExplorer] Mapped {/third-party/list, GET} route +0ms
Feb 18 16:26:09 cfx337 pnpm[6530]: [Nest] 6530  - 02/18/2026, 4:26:09 PM     LOG [RouterExplorer] Mapped {/third-party, GET} route +0ms
Feb 18 16:26:09 cfx337 pnpm[6530]: [Nest] 6530  - 02/18/2026, 4:26:09 PM     LOG [RouterExplorer] Mapped {/third-party/:id, DELETE} route +0ms
Feb 18 16:26:09 cfx337 pnpm[6530]: [Nest] 6530  - 02/18/2026, 4:26:09 PM     LOG [RouterExplorer] Mapped {/third-party/:id/submit, POST} route +0ms
Feb 18 16:26:09 cfx337 pnpm[6530]: [Nest] 6530  - 02/18/2026, 4:26:09 PM     LOG [RouterExplorer] Mapped {/third-party/function/:id/:functionName, POST} route +0ms
Feb 18 16:26:09 cfx337 pnpm[6530]: [Nest] 6530  - 02/18/2026, 4:26:09 PM     LOG [RouterExplorer] Mapped {/third-party/:identifier, POST} route +0ms
Feb 18 16:26:09 cfx337 pnpm[6530]: [Nest] 6530  - 02/18/2026, 4:26:09 PM     LOG [RoutesResolver] MaterialsController {/materials}: +1ms
Feb 18 16:26:09 cfx337 pnpm[6530]: [Nest] 6530  - 02/18/2026, 4:26:09 PM     LOG [RouterExplorer] Mapped {/materials/search, POST} route +0ms
Feb 18 16:26:09 cfx337 pnpm[6530]: [Nest] 6530  - 02/18/2026, 4:26:09 PM     LOG [RouterExplorer] Mapped {/materials/job-status, GET} route +0ms
Feb 18 16:26:09 cfx337 pnpm[6530]: [Nest] 6530  - 02/18/2026, 4:26:09 PM     LOG [RouterExplorer] Mapped {/materials/results, GET} route +0ms
Feb 18 16:26:09 cfx337 pnpm[6530]: [Nest] 6530  - 02/18/2026, 4:26:09 PM     LOG [RouterExplorer] Mapped {/materials/file/:jobId/:filename, GET} route +0ms
Feb 18 16:26:09 cfx337 pnpm[6530]: [Nest] 6530  - 02/18/2026, 4:26:09 PM     LOG [RouterExplorer] Mapped {/materials/login-status, GET} route +0ms
Feb 18 16:26:09 cfx337 pnpm[6530]: [Nest] 6530  - 02/18/2026, 4:26:09 PM     LOG [RouterExplorer] Mapped {/materials/enrich-profiles, POST} route +0ms
Feb 18 16:26:09 cfx337 pnpm[6530]: [Nest] 6530  - 02/18/2026, 4:26:09 PM     LOG [RouterExplorer] Mapped {/materials/trigger-login, POST} route +0ms
Feb 18 16:26:09 cfx337 pnpm[6530]: [Nest] 6530  - 02/18/2026, 4:26:09 PM     LOG [RouterExplorer] Mapped {/materials/submit-sms-code, POST} route +0ms
Feb 18 16:26:09 cfx337 pnpm[6530]: [Nest] 6530  - 02/18/2026, 4:26:09 PM     LOG [RouterExplorer] Mapped {/materials/login-qrcode, GET} route +0ms
Feb 18 16:26:09 cfx337 pnpm[6530]: [Nest] 6530  - 02/18/2026, 4:26:09 PM     LOG [RouterExplorer] Mapped {/materials/events, GET} route +1ms
Feb 18 16:26:09 cfx337 pnpm[6530]: [Nest] 6530  - 02/18/2026, 4:26:09 PM     LOG [RouterExplorer] Mapped {/materials/image-proxy, GET} route +0ms
Feb 18 16:26:09 cfx337 pnpm[6530]: [Nest] 6530  - 02/18/2026, 4:26:09 PM     LOG [RoutesResolver] FactoryController {/factory}: +0ms
Feb 18 16:26:09 cfx337 pnpm[6530]: [Nest] 6530  - 02/18/2026, 4:26:09 PM     LOG [RouterExplorer] Mapped {/factory/workflows/start, POST} route +0ms
Feb 18 16:26:09 cfx337 pnpm[6530]: [Nest] 6530  - 02/18/2026, 4:26:09 PM     LOG [RouterExplorer] Mapped {/factory/workflows/:workflowId, GET} route +0ms
Feb 18 16:26:09 cfx337 pnpm[6530]: [Nest] 6530  - 02/18/2026, 4:26:09 PM     LOG [RouterExplorer] Mapped {/factory/workflows/:workflowId/draft, GET} route +0ms
Feb 18 16:26:09 cfx337 pnpm[6530]: [Nest] 6530  - 02/18/2026, 4:26:09 PM     LOG [RouterExplorer] Mapped {/factory/workflows/status/batch, POST} route +0ms
Feb 18 16:26:09 cfx337 pnpm[6530]: [Nest] 6530  - 02/18/2026, 4:26:09 PM     LOG [RouterExplorer] Mapped {/factory/drafts/:draftId/review, POST} route +0ms
Feb 18 16:26:09 cfx337 pnpm[6530]: [Nest] 6530  - 02/18/2026, 4:26:09 PM     LOG [RouterExplorer] Mapped {/factory/drafts/review/bulk, POST} route +0ms
Feb 18 16:26:09 cfx337 pnpm[6530]: [Nest] 6530  - 02/18/2026, 4:26:09 PM     LOG [RouterExplorer] Mapped {/factory/workflows/:workflowId/cancel, POST} route +0ms
Feb 18 16:26:09 cfx337 pnpm[6530]: [Nest] 6530  - 02/18/2026, 4:26:09 PM     LOG [RouterExplorer] Mapped {/factory/workflows/cancel/bulk, POST} route +1ms
Feb 18 16:26:09 cfx337 pnpm[6530]: [Nest] 6530  - 02/18/2026, 4:26:09 PM     LOG [RouterExplorer] Mapped {/factory/workflows/paged, GET} route +0ms
Feb 18 16:26:09 cfx337 pnpm[6530]: [Nest] 6530  - 02/18/2026, 4:26:09 PM     LOG [RouterExplorer] Mapped {/factory/publish-jobs/:publishJobId/retry, POST} route +0ms
Feb 18 16:26:09 cfx337 pnpm[6530]: [Nest] 6530  - 02/18/2026, 4:26:09 PM     LOG [RouterExplorer] Mapped {/factory/publish-jobs/retry/bulk, POST} route +0ms
Feb 18 16:26:09 cfx337 pnpm[6530]: [Nest] 6530  - 02/18/2026, 4:26:09 PM     LOG [RouterExplorer] Mapped {/factory/publish-jobs/retry/failed, POST} route +0ms
Feb 18 16:26:09 cfx337 pnpm[6530]: [Nest] 6530  - 02/18/2026, 4:26:09 PM     LOG [RouterExplorer] Mapped {/factory/drafts, GET} route +0ms
Feb 18 16:26:09 cfx337 pnpm[6530]: [Nest] 6530  - 02/18/2026, 4:26:09 PM     LOG [RouterExplorer] Mapped {/factory/drafts/paged, GET} route +1ms
Feb 18 16:26:09 cfx337 pnpm[6530]: [Nest] 6530  - 02/18/2026, 4:26:09 PM     LOG [RouterExplorer] Mapped {/factory/content, GET} route +0ms
Feb 18 16:26:09 cfx337 pnpm[6530]: [Nest] 6530  - 02/18/2026, 4:26:09 PM     LOG [RouterExplorer] Mapped {/factory/content/paged, GET} route +1ms
Feb 18 16:26:09 cfx337 pnpm[6530]: [Nest] 6530  - 02/18/2026, 4:26:09 PM     LOG [RouterExplorer] Mapped {/factory/publish-jobs, GET} route +0ms
Feb 18 16:26:09 cfx337 pnpm[6530]: [Nest] 6530  - 02/18/2026, 4:26:09 PM     LOG [RouterExplorer] Mapped {/factory/drafts/:draftId/publish-job, GET} route +0ms
Feb 18 16:26:09 cfx337 pnpm[6530]: [Nest] 6530  - 02/18/2026, 4:26:09 PM     LOG [RouterExplorer] Mapped {/factory/publish-jobs/paged, GET} route +0ms
Feb 18 16:26:09 cfx337 pnpm[6530]: [Nest] 6530  - 02/18/2026, 4:26:09 PM     LOG [RouterExplorer] Mapped {/factory/metrics, GET} route +0ms
Feb 18 16:26:09 cfx337 pnpm[6530]: [Nest] 6530  - 02/18/2026, 4:26:09 PM     LOG [RouterExplorer] Mapped {/factory/metrics/stages, GET} route +0ms
Feb 18 16:26:09 cfx337 pnpm[6530]: [Nest] 6530  - 02/18/2026, 4:26:09 PM     LOG [RouterExplorer] Mapped {/factory/metrics/trend, GET} route +0ms
Feb 18 16:26:09 cfx337 pnpm[6530]: [Nest] 6530  - 02/18/2026, 4:26:09 PM     LOG [RouterExplorer] Mapped {/factory/publish-jobs/retry-insights, GET} route +0ms
Feb 18 16:26:09 cfx337 pnpm[6530]: [Nest] 6530  - 02/18/2026, 4:26:09 PM     LOG [RouterExplorer] Mapped {/factory/publish-jobs/retry-history, GET} route +0ms
Feb 18 16:26:09 cfx337 pnpm[6530]: [Nest] 6530  - 02/18/2026, 4:26:09 PM     LOG [RouterExplorer] Mapped {/factory/publish-jobs/retry-history/summary, GET} route +0ms
Feb 18 16:26:09 cfx337 pnpm[6530]: [Nest] 6530  - 02/18/2026, 4:26:09 PM     LOG [RouterExplorer] Mapped {/factory/publish-jobs/retry-history/export.csv, GET} route +0ms
Feb 18 16:26:09 cfx337 pnpm[6530]: [Nest] 6530  - 02/18/2026, 4:26:09 PM     LOG [RouterExplorer] Mapped {/factory/publish-jobs/retry-preview, GET} route +1ms
Feb 18 16:26:09 cfx337 pnpm[6530]: [Nest] 6530  - 02/18/2026, 4:26:09 PM     LOG [RouterExplorer] Mapped {/factory/publish-jobs/retry-history/:logId/replay, POST} route +0ms
Feb 18 16:26:09 cfx337 pnpm[6530]: [Nest] 6530  - 02/18/2026, 4:26:09 PM     LOG [RouterExplorer] Mapped {/factory/publish-jobs/retry-history/:logId, GET} route +0ms
Feb 18 16:26:09 cfx337 pnpm[6530]: [Nest] 6530  - 02/18/2026, 4:26:09 PM     LOG [RouterExplorer] Mapped {/factory/logs, GET} route +0ms
Feb 18 16:26:09 cfx337 pnpm[6530]: [Nest] 6530  - 02/18/2026, 4:26:09 PM     LOG [RouterExplorer] Mapped {/factory/logs/paged, GET} route +0ms
Feb 18 16:26:09 cfx337 pnpm[6530]: [Nest] 6530  - 02/18/2026, 4:26:09 PM     LOG [RouterExplorer] Mapped {/factory/logs/export.csv, GET} route +0ms
Feb 18 16:26:09 cfx337 pnpm[6530]: [Nest] 6530  - 02/18/2026, 4:26:09 PM     LOG [RoutesResolver] PublicIntegrationsController {/public/v1}: +0ms
Feb 18 16:26:09 cfx337 pnpm[6530]: [Nest] 6530  - 02/18/2026, 4:26:09 PM     LOG [RouterExplorer] Mapped {/public/v1/upload, POST} route +0ms
Feb 18 16:26:09 cfx337 pnpm[6530]: [Nest] 6530  - 02/18/2026, 4:26:09 PM     LOG [RouterExplorer] Mapped {/public/v1/upload-from-url, POST} route +0ms
Feb 18 16:26:09 cfx337 pnpm[6530]: [Nest] 6530  - 02/18/2026, 4:26:09 PM     LOG [RouterExplorer] Mapped {/public/v1/find-slot/:id, GET} route +1ms
Feb 18 16:26:09 cfx337 pnpm[6530]: [Nest] 6530  - 02/18/2026, 4:26:09 PM     LOG [RouterExplorer] Mapped {/public/v1/posts, GET} route +0ms
Feb 18 16:26:09 cfx337 pnpm[6530]: [Nest] 6530  - 02/18/2026, 4:26:09 PM     LOG [RouterExplorer] Mapped {/public/v1/posts, POST} route +0ms
Feb 18 16:26:09 cfx337 pnpm[6530]: [Nest] 6530  - 02/18/2026, 4:26:09 PM     LOG [RouterExplorer] Mapped {/public/v1/posts/:id, DELETE} route +0ms
Feb 18 16:26:09 cfx337 pnpm[6530]: [Nest] 6530  - 02/18/2026, 4:26:09 PM     LOG [RouterExplorer] Mapped {/public/v1/is-connected, GET} route +0ms
Feb 18 16:26:09 cfx337 pnpm[6530]: [Nest] 6530  - 02/18/2026, 4:26:09 PM     LOG [RouterExplorer] Mapped {/public/v1/integrations, GET} route +0ms
Feb 18 16:26:09 cfx337 pnpm[6530]: [Nest] 6530  - 02/18/2026, 4:26:09 PM     LOG [RouterExplorer] Mapped {/public/v1/generate-video, POST} route +0ms
Feb 18 16:26:09 cfx337 pnpm[6530]: [Nest] 6530  - 02/18/2026, 4:26:09 PM     LOG [RouterExplorer] Mapped {/public/v1/video/function, POST} route +0ms
Feb 18 16:26:10 cfx337 pnpm[6530]: [Nest] 6530  - 02/18/2026, 4:26:10 PM     LOG [NestApplication] Nest application successfully started +234ms
Feb 18 16:26:10 cfx337 pnpm[6530]: [Nest] 6530  - 02/18/2026, 4:26:10 PM    WARN [Configuration issue] MAIN_URL not set. 
Feb 18 16:26:10 cfx337 pnpm[6530]: [Nest] 6530  - 02/18/2026, 4:26:10 PM    WARN Configuration issues found: 1
Feb 18 16:26:10 cfx337 pnpm[6530]: [Nest] 6530  - 02/18/2026, 4:26:10 PM     LOG 🚀 Backend is running on: http://localhost:3000
Feb 18 16:28:23 cfx337 pnpm[6530]: [Nest] 6530  - 02/18/2026, 4:28:23 PM     LOG [MaterialsQueueService] [handleJob] Platform: xhs, hasValidLogin: false, recommendation: headed, message: No valid login state found. QR code login required.
Feb 18 16:29:28 cfx337 pnpm[6530]: [Nest] 6530  - 02/18/2026, 4:29:28 PM     LOG [MaterialsQueueService] [handleJob] Platform: xhs, hasValidLogin: false, recommendation: headed, message: No valid login state found. QR code login required.
Feb 18 16:29:54 cfx337 pnpm[6530]: [Nest] 6530  - 02/18/2026, 4:29:54 PM     LOG [MaterialsQueueService] [handleJob] Platform: xhs, hasValidLogin: false, recommendation: headed, message: No valid login state found. QR code login required.
Feb 18 16:50:21 cfx337 pnpm[6530]: [Nest] 6530  - 02/18/2026, 4:50:21 PM     LOG [MaterialsQueueService] [handleJob] Platform: xhs, hasValidLogin: false, recommendation: headed, message: No valid login state found. QR code login required.
Feb 18 16:50:49 cfx337 pnpm[6530]: [Nest] 6530  - 02/18/2026, 4:50:49 PM     LOG [MaterialsQueueService] [handleJob] Platform: xhs, hasValidLogin: false, recommendation: headed, message: No valid login state found. QR code login required.
Feb 18 16:52:16 cfx337 pnpm[6530]: [Nest] 6530  - 02/18/2026, 4:52:16 PM     LOG [MaterialsQueueService] [handleJob] Platform: xhs, hasValidLogin: false, recommendation: headed, message: No valid login state found. QR code login required.
Feb 18 16:52:39 cfx337 pnpm[6530]: [Nest] 6530  - 02/18/2026, 4:52:39 PM     LOG [MaterialsQueueService] [handleJob] Platform: xhs, hasValidLogin: false, recommendation: headed, message: No valid login state found. QR code login required.
Feb 18 16:53:07 cfx337 pnpm[6530]: [Nest] 6530  - 02/18/2026, 4:53:07 PM     LOG [MaterialsQueueService] [handleJob] Platform: xhs, hasValidLogin: false, recommendation: headed, message: No valid login state found. QR code login required.
Feb 18 17:07:51 cfx337 pnpm[6530]: [Nest] 6530  - 02/18/2026, 5:07:51 PM     LOG [MaterialsQueueService] [handleJob] Platform: xhs, hasValidLogin: false, recommendation: headed, message: No valid login state found. QR code login required.
Feb 18 17:08:15 cfx337 pnpm[6530]: [Nest] 6530  - 02/18/2026, 5:08:15 PM     LOG [MaterialsQueueService] [handleJob] Platform: xhs, hasValidLogin: false, recommendation: headed, message: No valid login state found. QR code login required.
Feb 18 17:09:14 cfx337 pnpm[6530]: [Nest] 6530  - 02/18/2026, 5:09:14 PM     LOG [MaterialsQueueService] [handleJob] Platform: xhs, hasValidLogin: false, recommendation: headed, message: No valid login state found. QR code login required.
Feb 18 17:09:56 cfx337 pnpm[6530]: [Nest] 6530  - 02/18/2026, 5:09:56 PM     LOG [MaterialsQueueService] [handleJob] Platform: xhs, hasValidLogin: false, recommendation: headed, message: No valid login state found. QR code login required.
Feb 18 17:17:09 cfx337 pnpm[6530]: [Nest] 6530  - 02/18/2026, 5:17:09 PM     LOG [MaterialsQueueService] [handleJob] Platform: xhs, hasValidLogin: false, recommendation: headed, message: No valid login state found. QR code login required.
Feb 18 17:28:25 cfx337 pnpm[6530]: [Nest] 6530  - 02/18/2026, 5:28:25 PM     LOG [MaterialsQueueService] [handleJob] Platform: xhs, hasValidLogin: false, recommendation: headed, message: No valid login state found. QR code login required.
Feb 18 17:37:15 cfx337 pnpm[6530]: [Nest] 6530  - 02/18/2026, 5:37:15 PM     LOG [MaterialsQueueService] [handleJob] Platform: xhs, hasValidLogin: false, recommendation: headed, message: No valid login state found. QR code login required.
Feb 18 17:37:36 cfx337 pnpm[6530]: [Nest] 6530  - 02/18/2026, 5:37:36 PM     LOG [MaterialsQueueService] [handleJob] Platform: xhs, hasValidLogin: false, recommendation: headed, message: No valid login state found. QR code login required.
Feb 18 17:38:02 cfx337 pnpm[6530]: [Nest] 6530  - 02/18/2026, 5:38:02 PM     LOG [MaterialsQueueService] [handleJob] Platform: xhs, hasValidLogin: false, recommendation: headed, message: No valid login state found. QR code login required.
Feb 18 17:40:39 cfx337 pnpm[6530]: [Nest] 6530  - 02/18/2026, 5:40:39 PM     LOG [MaterialsQueueService] [handleJob] Platform: xhs, hasValidLogin: false, recommendation: headed, message: No valid login state found. QR code login required.
Feb 18 21:54:20 cfx337 systemd[1]: Stopping postiz-dev-backend.service - Postiz Backend Dev (System)...
Feb 18 21:54:20 cfx337 pnpm[6351]: /home/lbx/postiz-app/apps/backend:
Feb 18 21:54:20 cfx337 pnpm[6351]:  ERR_PNPM_RECURSIVE_RUN_FIRST_FAIL  postiz-backend@1.0.0 dev: `dotenv -e ../../.env -- nest start --watch --entryFile=./apps/backend/src/main`
Feb 18 21:54:20 cfx337 pnpm[6351]: Command failed with signal "SIGTERM"
Feb 18 21:54:20 cfx337 pnpm[6351]:  WARN   Local package.json exists, but node_modules missing, did you mean to install?
Feb 18 21:54:20 cfx337 systemd[1]: postiz-dev-backend.service: Deactivated successfully.
Feb 18 21:54:20 cfx337 systemd[1]: Stopped postiz-dev-backend.service - Postiz Backend Dev (System).
Feb 18 21:54:20 cfx337 systemd[1]: postiz-dev-backend.service: Consumed 2min 19.448s CPU time.
Feb 18 21:54:20 cfx337 systemd[1]: Started postiz-dev-backend.service - Postiz Backend Dev (System).
Feb 18 21:54:21 cfx337 pnpm[12667]: > postiz-backend@1.0.0 dev /home/lbx/postiz-app/apps/backend
Feb 18 21:54:21 cfx337 pnpm[12667]: > dotenv -e ../../.env -- nest start --watch --entryFile=./apps/backend/src/main
Feb 18 21:54:22 cfx337 pnpm[12697]: [52B blob data]
Feb 18 21:54:24 cfx337 pnpm[12697]: To restart at any time, enter rs.
Feb 18 21:55:00 cfx337 pnpm[12697]: [9:55:00 PM] Found 0 errors. Watching for file changes.
Feb 18 21:55:08 cfx337 pnpm[12847]: [Nest] 12847  - 02/18/2026, 9:55:08 PM     LOG [NestFactory] Starting Nest application...
Feb 18 21:55:08 cfx337 pnpm[12847]: [Nest] 12847  - 02/18/2026, 9:55:08 PM     LOG [TemporalConnectionFactory] Creating new client connection to 127.0.0.1:7233 (attempt 1)
Feb 18 21:55:08 cfx337 pnpm[12847]: [Nest] 12847  - 02/18/2026, 9:55:08 PM     LOG [TemporalConnectionFactory] TemporalConnectionFactory
Feb 18 21:55:08 cfx337 pnpm[12847]: [Nest] 12847  - 02/18/2026, 9:55:08 PM     LOG [InstanceLoader] SentryModule dependencies initialized +21ms
Feb 18 21:55:08 cfx337 pnpm[12847]: [Nest] 12847  - 02/18/2026, 9:55:08 PM     LOG [InstanceLoader] UploadModule dependencies initialized +0ms
Feb 18 21:55:08 cfx337 pnpm[12847]: [Nest] 12847  - 02/18/2026, 9:55:08 PM     LOG [TemporalConnectionFactory] Successfully connected to 127.0.0.1:7233
Feb 18 21:55:08 cfx337 pnpm[12847]: [Nest] 12847  - 02/18/2026, 9:55:08 PM     LOG [TemporalConnectionFactory] TemporalConnectionFactory
Feb 18 21:55:08 cfx337 pnpm[12847]: [Nest] 12847  - 02/18/2026, 9:55:08 PM     LOG [InstanceLoader] ThrottlerModule dependencies initialized +8ms
Feb 18 21:55:08 cfx337 pnpm[12847]: [Nest] 12847  - 02/18/2026, 9:55:08 PM     LOG [InstanceLoader] DiscoveryModule dependencies initialized +1ms
Feb 18 21:55:08 cfx337 pnpm[12847]: [Nest] 12847  - 02/18/2026, 9:55:08 PM     LOG [InstanceLoader] VideoModule dependencies initialized +0ms
Feb 18 21:55:08 cfx337 pnpm[12847]: [Nest] 12847  - 02/18/2026, 9:55:08 PM     LOG [InstanceLoader] MaterialsModule dependencies initialized +1ms
Feb 18 21:55:08 cfx337 pnpm[12847]: [Nest] 12847  - 02/18/2026, 9:55:08 PM     LOG [InstanceLoader] ThirdPartyModule dependencies initialized +0ms
Feb 18 21:55:08 cfx337 pnpm[12847]: [Nest] 12847  - 02/18/2026, 9:55:08 PM     LOG [TemporalConnectionFactory] Worker connection established to 127.0.0.1:7233
Feb 18 21:55:08 cfx337 pnpm[12847]: [Nest] 12847  - 02/18/2026, 9:55:08 PM     LOG [TemporalConnectionFactory] TemporalConnectionFactory
Feb 18 21:55:08 cfx337 pnpm[12847]: [Nest] 12847  - 02/18/2026, 9:55:08 PM     LOG [InstanceLoader] TemporalModule dependencies initialized +0ms
Feb 18 21:55:08 cfx337 pnpm[12847]: Email service provider: no provider
Feb 18 21:55:08 cfx337 pnpm[12847]: [Nest] 12847  - 02/18/2026, 9:55:08 PM     LOG [InstanceLoader] TemporalRegisterMissingSearchAttributesModule dependencies initialized +0ms
Feb 18 21:55:08 cfx337 pnpm[12847]: [Nest] 12847  - 02/18/2026, 9:55:08 PM     LOG [InstanceLoader] InfiniteWorkflowRegisterModule dependencies initialized +0ms
Feb 18 21:55:08 cfx337 pnpm[12847]: [Nest] 12847  - 02/18/2026, 9:55:08 PM     LOG [InstanceLoader] DatabaseModule dependencies initialized +1ms
Feb 18 21:55:08 cfx337 pnpm[12847]: [Nest] 12847  - 02/18/2026, 9:55:08 PM     LOG [InstanceLoader] AgentModule dependencies initialized +0ms
Feb 18 21:55:08 cfx337 pnpm[12847]: [Nest] 12847  - 02/18/2026, 9:55:08 PM     LOG [InstanceLoader] ChatModule dependencies initialized +0ms
Feb 18 21:55:08 cfx337 pnpm[12847]: [Nest] 12847  - 02/18/2026, 9:55:08 PM     LOG [InstanceLoader] AppModule dependencies initialized +1ms
Feb 18 21:55:08 cfx337 pnpm[12847]: [Nest] 12847  - 02/18/2026, 9:55:08 PM     LOG [InstanceLoader] PublicApiModule dependencies initialized +2ms
Feb 18 21:55:08 cfx337 pnpm[12847]: [Nest] 12847  - 02/18/2026, 9:55:08 PM     LOG [InstanceLoader] ApiModule dependencies initialized +1ms
Feb 18 21:55:08 cfx337 pnpm[12847]: Mastra telemetry is enabled, but the required instrumentation file was not loaded. If you are using Mastra outside of the mastra server environment, see: https://mastra.ai/en/docs/observability/tracing#tracing-outside-mastra-server-environment If you are using a custom instrumentation file or want to disable this warning, set the globalThis.___MASTRA_TELEMETRY___ variable to true in your instrumentation file.
Feb 18 21:55:08 cfx337 pnpm[12847]: Mastra telemetry is deprecated and will be removed on the Nov 4th release. Instead use AI Tracing. More info can be found here: https://github.com/mastra-ai/mastra/issues/8577 and here: https://mastra.ai/en/docs/observability/ai-tracing/overview
Feb 18 21:55:08 cfx337 pnpm[12847]: [Nest] 12847  - 02/18/2026, 9:55:08 PM     LOG [RoutesResolver] RootController {/}: +114ms
Feb 18 21:55:08 cfx337 pnpm[12847]: [Nest] 12847  - 02/18/2026, 9:55:08 PM     LOG [RouterExplorer] Mapped {/, GET} route +2ms
Feb 18 21:55:08 cfx337 pnpm[12847]: [Nest] 12847  - 02/18/2026, 9:55:08 PM     LOG [RoutesResolver] StripeController {/stripe}: +0ms
Feb 18 21:55:08 cfx337 pnpm[12847]: [Nest] 12847  - 02/18/2026, 9:55:08 PM     LOG [RouterExplorer] Mapped {/stripe, POST} route +1ms
Feb 18 21:55:08 cfx337 pnpm[12847]: [Nest] 12847  - 02/18/2026, 9:55:08 PM     LOG [RoutesResolver] AuthController {/auth}: +0ms
Feb 18 21:55:08 cfx337 pnpm[12847]: [Nest] 12847  - 02/18/2026, 9:55:08 PM     LOG [RouterExplorer] Mapped {/auth/can-register, GET} route +0ms
Feb 18 21:55:08 cfx337 pnpm[12847]: [Nest] 12847  - 02/18/2026, 9:55:08 PM     LOG [RouterExplorer] Mapped {/auth/register, POST} route +0ms
Feb 18 21:55:08 cfx337 pnpm[12847]: [Nest] 12847  - 02/18/2026, 9:55:08 PM     LOG [RouterExplorer] Mapped {/auth/login, POST} route +1ms
Feb 18 21:55:08 cfx337 pnpm[12847]: [Nest] 12847  - 02/18/2026, 9:55:08 PM     LOG [RouterExplorer] Mapped {/auth/forgot, POST} route +0ms
Feb 18 21:55:08 cfx337 pnpm[12847]: [Nest] 12847  - 02/18/2026, 9:55:08 PM     LOG [RouterExplorer] Mapped {/auth/forgot-return, POST} route +0ms
Feb 18 21:55:08 cfx337 pnpm[12847]: [Nest] 12847  - 02/18/2026, 9:55:08 PM     LOG [RouterExplorer] Mapped {/auth/oauth/:provider, GET} route +0ms
Feb 18 21:55:08 cfx337 pnpm[12847]: [Nest] 12847  - 02/18/2026, 9:55:08 PM     LOG [RouterExplorer] Mapped {/auth/activate, POST} route +1ms
Feb 18 21:55:08 cfx337 pnpm[12847]: [Nest] 12847  - 02/18/2026, 9:55:08 PM     LOG [RouterExplorer] Mapped {/auth/oauth/:provider/exists, POST} route +0ms
Feb 18 21:55:08 cfx337 pnpm[12847]: [Nest] 12847  - 02/18/2026, 9:55:08 PM     LOG [RoutesResolver] PublicController {/public}: +1ms
Feb 18 21:55:08 cfx337 pnpm[12847]: [Nest] 12847  - 02/18/2026, 9:55:08 PM     LOG [RouterExplorer] Mapped {/public/agent, POST} route +0ms
Feb 18 21:55:08 cfx337 pnpm[12847]: [Nest] 12847  - 02/18/2026, 9:55:08 PM     LOG [RouterExplorer] Mapped {/public/agencies-list, GET} route +0ms
Feb 18 21:55:08 cfx337 pnpm[12847]: [Nest] 12847  - 02/18/2026, 9:55:08 PM     LOG [RouterExplorer] Mapped {/public/agencies-list-slug, GET} route +0ms
Feb 18 21:55:08 cfx337 pnpm[12847]: [Nest] 12847  - 02/18/2026, 9:55:08 PM     LOG [RouterExplorer] Mapped {/public/agencies-information/:agency, GET} route +0ms
Feb 18 21:55:08 cfx337 pnpm[12847]: [Nest] 12847  - 02/18/2026, 9:55:08 PM     LOG [RouterExplorer] Mapped {/public/agencies-list-count, GET} route +0ms
Feb 18 21:55:08 cfx337 pnpm[12847]: [Nest] 12847  - 02/18/2026, 9:55:08 PM     LOG [RouterExplorer] Mapped {/public/posts/:id, GET} route +0ms
Feb 18 21:55:08 cfx337 pnpm[12847]: [Nest] 12847  - 02/18/2026, 9:55:08 PM     LOG [RouterExplorer] Mapped {/public/posts/:id/comments, GET} route +1ms
Feb 18 21:55:08 cfx337 pnpm[12847]: [Nest] 12847  - 02/18/2026, 9:55:08 PM     LOG [RouterExplorer] Mapped {/public/t, POST} route +0ms
Feb 18 21:55:08 cfx337 pnpm[12847]: [Nest] 12847  - 02/18/2026, 9:55:08 PM     LOG [RouterExplorer] Mapped {/public/crypto/:path, POST} route +0ms
Feb 18 21:55:08 cfx337 pnpm[12847]: [Nest] 12847  - 02/18/2026, 9:55:08 PM     LOG [RouterExplorer] Mapped {/public/stream, GET} route +0ms
Feb 18 21:55:08 cfx337 pnpm[12847]: [Nest] 12847  - 02/18/2026, 9:55:08 PM     LOG [RoutesResolver] MonitorController {/monitor}: +0ms
Feb 18 21:55:08 cfx337 pnpm[12847]: [Nest] 12847  - 02/18/2026, 9:55:08 PM     LOG [RouterExplorer] Mapped {/monitor/queue/:name, GET} route +0ms
Feb 18 21:55:08 cfx337 pnpm[12847]: [Nest] 12847  - 02/18/2026, 9:55:08 PM     LOG [RoutesResolver] PublicMediaController {/public/media}: +0ms
Feb 18 21:55:08 cfx337 pnpm[12847]: [Nest] 12847  - 02/18/2026, 9:55:08 PM     LOG [RouterExplorer] Mapped {/public/media/proxy, GET} route +0ms
Feb 18 21:55:08 cfx337 pnpm[12847]: [Nest] 12847  - 02/18/2026, 9:55:08 PM     LOG [RoutesResolver] UsersController {/user}: +0ms
Feb 18 21:55:08 cfx337 pnpm[12847]: [Nest] 12847  - 02/18/2026, 9:55:08 PM     LOG [RouterExplorer] Mapped {/user/self, GET} route +0ms
Feb 18 21:55:08 cfx337 pnpm[12847]: [Nest] 12847  - 02/18/2026, 9:55:08 PM     LOG [RouterExplorer] Mapped {/user/personal, GET} route +0ms
Feb 18 21:55:08 cfx337 pnpm[12847]: [Nest] 12847  - 02/18/2026, 9:55:08 PM     LOG [RouterExplorer] Mapped {/user/impersonate, GET} route +1ms
Feb 18 21:55:08 cfx337 pnpm[12847]: [Nest] 12847  - 02/18/2026, 9:55:08 PM     LOG [RouterExplorer] Mapped {/user/impersonate, POST} route +0ms
Feb 18 21:55:08 cfx337 pnpm[12847]: [Nest] 12847  - 02/18/2026, 9:55:08 PM     LOG [RouterExplorer] Mapped {/user/personal, POST} route +0ms
Feb 18 21:55:08 cfx337 pnpm[12847]: [Nest] 12847  - 02/18/2026, 9:55:08 PM     LOG [RouterExplorer] Mapped {/user/email-notifications, GET} route +0ms
Feb 18 21:55:08 cfx337 pnpm[12847]: [Nest] 12847  - 02/18/2026, 9:55:08 PM     LOG [RouterExplorer] Mapped {/user/email-notifications, POST} route +0ms
Feb 18 21:55:08 cfx337 pnpm[12847]: [Nest] 12847  - 02/18/2026, 9:55:08 PM     LOG [RouterExplorer] Mapped {/user/subscription, GET} route +0ms
Feb 18 21:55:08 cfx337 pnpm[12847]: [Nest] 12847  - 02/18/2026, 9:55:08 PM     LOG [RouterExplorer] Mapped {/user/subscription/tiers, GET} route +0ms
Feb 18 21:55:08 cfx337 pnpm[12847]: [Nest] 12847  - 02/18/2026, 9:55:08 PM     LOG [RouterExplorer] Mapped {/user/join-org, POST} route +0ms
Feb 18 21:55:08 cfx337 pnpm[12847]: [Nest] 12847  - 02/18/2026, 9:55:08 PM     LOG [RouterExplorer] Mapped {/user/organizations, GET} route +0ms
Feb 18 21:55:08 cfx337 pnpm[12847]: [Nest] 12847  - 02/18/2026, 9:55:08 PM     LOG [RouterExplorer] Mapped {/user/change-org, POST} route +0ms
Feb 18 21:55:08 cfx337 pnpm[12847]: [Nest] 12847  - 02/18/2026, 9:55:08 PM     LOG [RouterExplorer] Mapped {/user/logout, POST} route +0ms
Feb 18 21:55:08 cfx337 pnpm[12847]: [Nest] 12847  - 02/18/2026, 9:55:08 PM     LOG [RouterExplorer] Mapped {/user/t, POST} route +0ms
Feb 18 21:55:08 cfx337 pnpm[12847]: [Nest] 12847  - 02/18/2026, 9:55:08 PM     LOG [RoutesResolver] AnalyticsController {/analytics}: +0ms
Feb 18 21:55:08 cfx337 pnpm[12847]: [Nest] 12847  - 02/18/2026, 9:55:08 PM     LOG [RouterExplorer] Mapped {/analytics/:integration, GET} route +0ms
Feb 18 21:55:08 cfx337 pnpm[12847]: [Nest] 12847  - 02/18/2026, 9:55:08 PM     LOG [RoutesResolver] IntegrationsController {/integrations}: +1ms
Feb 18 21:55:08 cfx337 pnpm[12847]: [Nest] 12847  - 02/18/2026, 9:55:08 PM     LOG [RouterExplorer] Mapped {/integrations, GET} route +0ms
Feb 18 21:55:08 cfx337 pnpm[12847]: [Nest] 12847  - 02/18/2026, 9:55:08 PM     LOG [RouterExplorer] Mapped {/integrations/:identifier/internal-plugs, GET} route +0ms
Feb 18 21:55:08 cfx337 pnpm[12847]: [Nest] 12847  - 02/18/2026, 9:55:08 PM     LOG [RouterExplorer] Mapped {/integrations/customers, GET} route +0ms
Feb 18 21:55:08 cfx337 pnpm[12847]: [Nest] 12847  - 02/18/2026, 9:55:08 PM     LOG [RouterExplorer] Mapped {/integrations/:id/group, PUT} route +0ms
Feb 18 21:55:08 cfx337 pnpm[12847]: [Nest] 12847  - 02/18/2026, 9:55:08 PM     LOG [RouterExplorer] Mapped {/integrations/:id/customer-name, PUT} route +0ms
Feb 18 21:55:08 cfx337 pnpm[12847]: [Nest] 12847  - 02/18/2026, 9:55:08 PM     LOG [RouterExplorer] Mapped {/integrations/list, GET} route +0ms
Feb 18 21:55:08 cfx337 pnpm[12847]: [Nest] 12847  - 02/18/2026, 9:55:08 PM     LOG [RouterExplorer] Mapped {/integrations/:id/settings, POST} route +0ms
Feb 18 21:55:08 cfx337 pnpm[12847]: [Nest] 12847  - 02/18/2026, 9:55:08 PM     LOG [RouterExplorer] Mapped {/integrations/:id/nickname, POST} route +0ms
Feb 18 21:55:08 cfx337 pnpm[12847]: [Nest] 12847  - 02/18/2026, 9:55:08 PM     LOG [RouterExplorer] Mapped {/integrations/:id, GET} route +1ms
Feb 18 21:55:08 cfx337 pnpm[12847]: [Nest] 12847  - 02/18/2026, 9:55:08 PM     LOG [RouterExplorer] Mapped {/integrations/social/:integration, GET} route +0ms
Feb 18 21:55:08 cfx337 pnpm[12847]: [Nest] 12847  - 02/18/2026, 9:55:08 PM     LOG [RouterExplorer] Mapped {/integrations/:id/time, POST} route +0ms
Feb 18 21:55:08 cfx337 pnpm[12847]: [Nest] 12847  - 02/18/2026, 9:55:08 PM     LOG [RouterExplorer] Mapped {/integrations/mentions, POST} route +0ms
Feb 18 21:55:08 cfx337 pnpm[12847]: [Nest] 12847  - 02/18/2026, 9:55:08 PM     LOG [RouterExplorer] Mapped {/integrations/function, POST} route +0ms
Feb 18 21:55:08 cfx337 pnpm[12847]: [Nest] 12847  - 02/18/2026, 9:55:08 PM     LOG [RouterExplorer] Mapped {/integrations/social/:integration/connect, POST} route +0ms
Feb 18 21:55:08 cfx337 pnpm[12847]: [Nest] 12847  - 02/18/2026, 9:55:08 PM     LOG [RouterExplorer] Mapped {/integrations/disable, POST} route +0ms
Feb 18 21:55:08 cfx337 pnpm[12847]: [Nest] 12847  - 02/18/2026, 9:55:08 PM     LOG [RouterExplorer] Mapped {/integrations/provider/:id/connect, POST} route +0ms
Feb 18 21:55:08 cfx337 pnpm[12847]: [Nest] 12847  - 02/18/2026, 9:55:08 PM     LOG [RouterExplorer] Mapped {/integrations/enable, POST} route +0ms
Feb 18 21:55:08 cfx337 pnpm[12847]: [Nest] 12847  - 02/18/2026, 9:55:08 PM     LOG [RouterExplorer] Mapped {/integrations, DELETE} route +0ms
Feb 18 21:55:08 cfx337 pnpm[12847]: [Nest] 12847  - 02/18/2026, 9:55:08 PM     LOG [RouterExplorer] Mapped {/integrations/plug/list, GET} route +0ms
Feb 18 21:55:08 cfx337 pnpm[12847]: [Nest] 12847  - 02/18/2026, 9:55:08 PM     LOG [RouterExplorer] Mapped {/integrations/:id/plugs, GET} route +0ms
Feb 18 21:55:08 cfx337 pnpm[12847]: [Nest] 12847  - 02/18/2026, 9:55:08 PM     LOG [RouterExplorer] Mapped {/integrations/:id/plugs, POST} route +1ms
Feb 18 21:55:08 cfx337 pnpm[12847]: [Nest] 12847  - 02/18/2026, 9:55:08 PM     LOG [RouterExplorer] Mapped {/integrations/plugs/:id/activate, PUT} route +0ms
Feb 18 21:55:08 cfx337 pnpm[12847]: [Nest] 12847  - 02/18/2026, 9:55:08 PM     LOG [RouterExplorer] Mapped {/integrations/telegram/updates, GET} route +0ms
Feb 18 21:55:08 cfx337 pnpm[12847]: [Nest] 12847  - 02/18/2026, 9:55:08 PM     LOG [RoutesResolver] SettingsController {/settings}: +0ms
Feb 18 21:55:08 cfx337 pnpm[12847]: [Nest] 12847  - 02/18/2026, 9:55:08 PM     LOG [RouterExplorer] Mapped {/settings/team, GET} route +0ms
Feb 18 21:55:08 cfx337 pnpm[12847]: [Nest] 12847  - 02/18/2026, 9:55:08 PM     LOG [RouterExplorer] Mapped {/settings/team, POST} route +0ms
Feb 18 21:55:08 cfx337 pnpm[12847]: [Nest] 12847  - 02/18/2026, 9:55:08 PM     LOG [RouterExplorer] Mapped {/settings/team/:id, DELETE} route +0ms
Feb 18 21:55:08 cfx337 pnpm[12847]: [Nest] 12847  - 02/18/2026, 9:55:08 PM     LOG [RoutesResolver] PostsController {/posts}: +0ms
Feb 18 21:55:08 cfx337 pnpm[12847]: [Nest] 12847  - 02/18/2026, 9:55:08 PM     LOG [RouterExplorer] Mapped {/posts/:id/statistics, GET} route +1ms
Feb 18 21:55:08 cfx337 pnpm[12847]: [Nest] 12847  - 02/18/2026, 9:55:08 PM     LOG [RouterExplorer] Mapped {/posts/should-shortlink, POST} route +0ms
Feb 18 21:55:08 cfx337 pnpm[12847]: [Nest] 12847  - 02/18/2026, 9:55:08 PM     LOG [RouterExplorer] Mapped {/posts/:id/comments, POST} route +0ms
Feb 18 21:55:08 cfx337 pnpm[12847]: [Nest] 12847  - 02/18/2026, 9:55:08 PM     LOG [RouterExplorer] Mapped {/posts/tags, GET} route +0ms
Feb 18 21:55:08 cfx337 pnpm[12847]: [Nest] 12847  - 02/18/2026, 9:55:08 PM     LOG [RouterExplorer] Mapped {/posts/tags, POST} route +0ms
Feb 18 21:55:08 cfx337 pnpm[12847]: [Nest] 12847  - 02/18/2026, 9:55:08 PM     LOG [RouterExplorer] Mapped {/posts/tags/:id, PUT} route +0ms
Feb 18 21:55:08 cfx337 pnpm[12847]: [Nest] 12847  - 02/18/2026, 9:55:08 PM     LOG [RouterExplorer] Mapped {/posts, GET} route +0ms
Feb 18 21:55:08 cfx337 pnpm[12847]: [Nest] 12847  - 02/18/2026, 9:55:08 PM     LOG [RouterExplorer] Mapped {/posts/find-slot, GET} route +0ms
Feb 18 21:55:08 cfx337 pnpm[12847]: [Nest] 12847  - 02/18/2026, 9:55:08 PM     LOG [RouterExplorer] Mapped {/posts/find-slot/:id, GET} route +0ms
Feb 18 21:55:08 cfx337 pnpm[12847]: [Nest] 12847  - 02/18/2026, 9:55:08 PM     LOG [RouterExplorer] Mapped {/posts/old, GET} route +0ms
Feb 18 21:55:08 cfx337 pnpm[12847]: [Nest] 12847  - 02/18/2026, 9:55:08 PM     LOG [RouterExplorer] Mapped {/posts/group/:group, GET} route +0ms
Feb 18 21:55:08 cfx337 pnpm[12847]: [Nest] 12847  - 02/18/2026, 9:55:08 PM     LOG [RouterExplorer] Mapped {/posts/:id, GET} route +0ms
Feb 18 21:55:08 cfx337 pnpm[12847]: [Nest] 12847  - 02/18/2026, 9:55:08 PM     LOG [RouterExplorer] Mapped {/posts, POST} route +1ms
Feb 18 21:55:08 cfx337 pnpm[12847]: [Nest] 12847  - 02/18/2026, 9:55:08 PM     LOG [RouterExplorer] Mapped {/posts/generator/draft, POST} route +0ms
Feb 18 21:55:08 cfx337 pnpm[12847]: [Nest] 12847  - 02/18/2026, 9:55:08 PM     LOG [RouterExplorer] Mapped {/posts/generator, POST} route +0ms
Feb 18 21:55:08 cfx337 pnpm[12847]: [Nest] 12847  - 02/18/2026, 9:55:08 PM     LOG [RouterExplorer] Mapped {/posts/:group, DELETE} route +0ms
Feb 18 21:55:08 cfx337 pnpm[12847]: [Nest] 12847  - 02/18/2026, 9:55:08 PM     LOG [RouterExplorer] Mapped {/posts/:id/date, PUT} route +0ms
Feb 18 21:55:08 cfx337 pnpm[12847]: [Nest] 12847  - 02/18/2026, 9:55:08 PM     LOG [RouterExplorer] Mapped {/posts/separate-posts, POST} route +0ms
Feb 18 21:55:08 cfx337 pnpm[12847]: [Nest] 12847  - 02/18/2026, 9:55:08 PM     LOG [RoutesResolver] MediaController {/media}: +0ms
Feb 18 21:55:08 cfx337 pnpm[12847]: [Nest] 12847  - 02/18/2026, 9:55:08 PM     LOG [RouterExplorer] Mapped {/media/:id, DELETE} route +0ms
Feb 18 21:55:08 cfx337 pnpm[12847]: [Nest] 12847  - 02/18/2026, 9:55:08 PM     LOG [RouterExplorer] Mapped {/media/generate-video, POST} route +0ms
Feb 18 21:55:08 cfx337 pnpm[12847]: [Nest] 12847  - 02/18/2026, 9:55:08 PM     LOG [RouterExplorer] Mapped {/media/generate-image, POST} route +0ms
Feb 18 21:55:08 cfx337 pnpm[12847]: [Nest] 12847  - 02/18/2026, 9:55:08 PM     LOG [RouterExplorer] Mapped {/media/generate-image-with-prompt, POST} route +1ms
Feb 18 21:55:08 cfx337 pnpm[12847]: [Nest] 12847  - 02/18/2026, 9:55:08 PM     LOG [RouterExplorer] Mapped {/media/upload-server, POST} route +0ms
Feb 18 21:55:08 cfx337 pnpm[12847]: [Nest] 12847  - 02/18/2026, 9:55:08 PM     LOG [RouterExplorer] Mapped {/media/save-media, POST} route +0ms
Feb 18 21:55:08 cfx337 pnpm[12847]: [Nest] 12847  - 02/18/2026, 9:55:08 PM     LOG [RouterExplorer] Mapped {/media/information, POST} route +0ms
Feb 18 21:55:08 cfx337 pnpm[12847]: [Nest] 12847  - 02/18/2026, 9:55:08 PM     LOG [RouterExplorer] Mapped {/media/upload-simple, POST} route +0ms
Feb 18 21:55:08 cfx337 pnpm[12847]: [Nest] 12847  - 02/18/2026, 9:55:08 PM     LOG [RouterExplorer] Mapped {/media/:endpoint, POST} route +0ms
Feb 18 21:55:08 cfx337 pnpm[12847]: [Nest] 12847  - 02/18/2026, 9:55:08 PM     LOG [RouterExplorer] Mapped {/media, GET} route +0ms
Feb 18 21:55:08 cfx337 pnpm[12847]: [Nest] 12847  - 02/18/2026, 9:55:08 PM     LOG [RouterExplorer] Mapped {/media/video-options, GET} route +0ms
Feb 18 21:55:08 cfx337 pnpm[12847]: [Nest] 12847  - 02/18/2026, 9:55:08 PM     LOG [RouterExplorer] Mapped {/media/video/function, POST} route +1ms
Feb 18 21:55:08 cfx337 pnpm[12847]: [Nest] 12847  - 02/18/2026, 9:55:08 PM     LOG [RouterExplorer] Mapped {/media/generate-video/:type/allowed, GET} route +0ms
Feb 18 21:55:08 cfx337 pnpm[12847]: [Nest] 12847  - 02/18/2026, 9:55:08 PM     LOG [RoutesResolver] BillingController {/billing}: +0ms
Feb 18 21:55:08 cfx337 pnpm[12847]: [Nest] 12847  - 02/18/2026, 9:55:08 PM     LOG [RouterExplorer] Mapped {/billing/check/:id, GET} route +0ms
Feb 18 21:55:08 cfx337 pnpm[12847]: [Nest] 12847  - 02/18/2026, 9:55:08 PM     LOG [RouterExplorer] Mapped {/billing/check-discount, GET} route +0ms
Feb 18 21:55:08 cfx337 pnpm[12847]: [Nest] 12847  - 02/18/2026, 9:55:08 PM     LOG [RouterExplorer] Mapped {/billing/apply-discount, POST} route +0ms
Feb 18 21:55:08 cfx337 pnpm[12847]: [Nest] 12847  - 02/18/2026, 9:55:08 PM     LOG [RouterExplorer] Mapped {/billing/finish-trial, POST} route +0ms
Feb 18 21:55:08 cfx337 pnpm[12847]: [Nest] 12847  - 02/18/2026, 9:55:08 PM     LOG [RouterExplorer] Mapped {/billing/is-trial-finished, GET} route +1ms
Feb 18 21:55:08 cfx337 pnpm[12847]: [Nest] 12847  - 02/18/2026, 9:55:08 PM     LOG [RouterExplorer] Mapped {/billing/embedded, POST} route +0ms
Feb 18 21:55:08 cfx337 pnpm[12847]: [Nest] 12847  - 02/18/2026, 9:55:08 PM     LOG [RouterExplorer] Mapped {/billing/subscribe, POST} route +0ms
Feb 18 21:55:08 cfx337 pnpm[12847]: [Nest] 12847  - 02/18/2026, 9:55:08 PM     LOG [RouterExplorer] Mapped {/billing/portal, GET} route +0ms
Feb 18 21:55:08 cfx337 pnpm[12847]: [Nest] 12847  - 02/18/2026, 9:55:08 PM     LOG [RouterExplorer] Mapped {/billing, GET} route +0ms
Feb 18 21:55:08 cfx337 pnpm[12847]: [Nest] 12847  - 02/18/2026, 9:55:08 PM     LOG [RouterExplorer] Mapped {/billing/cancel, POST} route +0ms
Feb 18 21:55:08 cfx337 pnpm[12847]: [Nest] 12847  - 02/18/2026, 9:55:08 PM     LOG [RouterExplorer] Mapped {/billing/prorate, POST} route +0ms
Feb 18 21:55:08 cfx337 pnpm[12847]: [Nest] 12847  - 02/18/2026, 9:55:08 PM     LOG [RouterExplorer] Mapped {/billing/lifetime, POST} route +0ms
Feb 18 21:55:08 cfx337 pnpm[12847]: [Nest] 12847  - 02/18/2026, 9:55:08 PM     LOG [RouterExplorer] Mapped {/billing/add-subscription, POST} route +0ms
Feb 18 21:55:08 cfx337 pnpm[12847]: [Nest] 12847  - 02/18/2026, 9:55:08 PM     LOG [RouterExplorer] Mapped {/billing/crypto, GET} route +0ms
Feb 18 21:55:08 cfx337 pnpm[12847]: [Nest] 12847  - 02/18/2026, 9:55:08 PM     LOG [RoutesResolver] NotificationsController {/notifications}: +0ms
Feb 18 21:55:08 cfx337 pnpm[12847]: [Nest] 12847  - 02/18/2026, 9:55:08 PM     LOG [RouterExplorer] Mapped {/notifications, GET} route +1ms
Feb 18 21:55:08 cfx337 pnpm[12847]: [Nest] 12847  - 02/18/2026, 9:55:08 PM     LOG [RouterExplorer] Mapped {/notifications/list, GET} route +0ms
Feb 18 21:55:08 cfx337 pnpm[12847]: [Nest] 12847  - 02/18/2026, 9:55:08 PM     LOG [RoutesResolver] CopilotController {/copilot}: +0ms
Feb 18 21:55:08 cfx337 pnpm[12847]: [Nest] 12847  - 02/18/2026, 9:55:08 PM     LOG [RouterExplorer] Mapped {/copilot/chat, POST} route +0ms
Feb 18 21:55:08 cfx337 pnpm[12847]: [Nest] 12847  - 02/18/2026, 9:55:08 PM     LOG [RouterExplorer] Mapped {/copilot/agent, POST} route +0ms
Feb 18 21:55:08 cfx337 pnpm[12847]: [Nest] 12847  - 02/18/2026, 9:55:08 PM     LOG [RouterExplorer] Mapped {/copilot/credits, GET} route +1ms
Feb 18 21:55:08 cfx337 pnpm[12847]: [Nest] 12847  - 02/18/2026, 9:55:08 PM     LOG [RouterExplorer] Mapped {/copilot/:thread/list, GET} route +0ms
Feb 18 21:55:08 cfx337 pnpm[12847]: [Nest] 12847  - 02/18/2026, 9:55:08 PM     LOG [RouterExplorer] Mapped {/copilot/list, GET} route +0ms
Feb 18 21:55:08 cfx337 pnpm[12847]: [Nest] 12847  - 02/18/2026, 9:55:08 PM     LOG [RoutesResolver] WebhookController {/webhooks}: +0ms
Feb 18 21:55:08 cfx337 pnpm[12847]: [Nest] 12847  - 02/18/2026, 9:55:08 PM     LOG [RouterExplorer] Mapped {/webhooks, GET} route +0ms
Feb 18 21:55:08 cfx337 pnpm[12847]: [Nest] 12847  - 02/18/2026, 9:55:08 PM     LOG [RouterExplorer] Mapped {/webhooks, POST} route +0ms
Feb 18 21:55:08 cfx337 pnpm[12847]: [Nest] 12847  - 02/18/2026, 9:55:08 PM     LOG [RouterExplorer] Mapped {/webhooks, PUT} route +0ms
Feb 18 21:55:08 cfx337 pnpm[12847]: [Nest] 12847  - 02/18/2026, 9:55:08 PM     LOG [RouterExplorer] Mapped {/webhooks/:id, DELETE} route +0ms
Feb 18 21:55:08 cfx337 pnpm[12847]: [Nest] 12847  - 02/18/2026, 9:55:08 PM     LOG [RouterExplorer] Mapped {/webhooks/send, POST} route +1ms
Feb 18 21:55:08 cfx337 pnpm[12847]: [Nest] 12847  - 02/18/2026, 9:55:08 PM     LOG [RoutesResolver] SignatureController {/signatures}: +0ms
Feb 18 21:55:08 cfx337 pnpm[12847]: [Nest] 12847  - 02/18/2026, 9:55:08 PM     LOG [RouterExplorer] Mapped {/signatures, GET} route +0ms
Feb 18 21:55:08 cfx337 pnpm[12847]: [Nest] 12847  - 02/18/2026, 9:55:08 PM     LOG [RouterExplorer] Mapped {/signatures/default, GET} route +0ms
Feb 18 21:55:08 cfx337 pnpm[12847]: [Nest] 12847  - 02/18/2026, 9:55:08 PM     LOG [RouterExplorer] Mapped {/signatures, POST} route +0ms
Feb 18 21:55:08 cfx337 pnpm[12847]: [Nest] 12847  - 02/18/2026, 9:55:08 PM     LOG [RouterExplorer] Mapped {/signatures/:id, DELETE} route +0ms
Feb 18 21:55:08 cfx337 pnpm[12847]: [Nest] 12847  - 02/18/2026, 9:55:08 PM     LOG [RouterExplorer] Mapped {/signatures/:id, PUT} route +0ms
Feb 18 21:55:08 cfx337 pnpm[12847]: [Nest] 12847  - 02/18/2026, 9:55:08 PM     LOG [RoutesResolver] AutopostController {/autopost}: +0ms
Feb 18 21:55:08 cfx337 pnpm[12847]: [Nest] 12847  - 02/18/2026, 9:55:08 PM     LOG [RouterExplorer] Mapped {/autopost, GET} route +0ms
Feb 18 21:55:08 cfx337 pnpm[12847]: [Nest] 12847  - 02/18/2026, 9:55:08 PM     LOG [RouterExplorer] Mapped {/autopost, POST} route +0ms
Feb 18 21:55:08 cfx337 pnpm[12847]: [Nest] 12847  - 02/18/2026, 9:55:08 PM     LOG [RouterExplorer] Mapped {/autopost/:id, PUT} route +0ms
Feb 18 21:55:08 cfx337 pnpm[12847]: [Nest] 12847  - 02/18/2026, 9:55:08 PM     LOG [RouterExplorer] Mapped {/autopost/:id, DELETE} route +0ms
Feb 18 21:55:08 cfx337 pnpm[12847]: [Nest] 12847  - 02/18/2026, 9:55:08 PM     LOG [RouterExplorer] Mapped {/autopost/:id/active, POST} route +0ms
Feb 18 21:55:08 cfx337 pnpm[12847]: [Nest] 12847  - 02/18/2026, 9:55:08 PM     LOG [RouterExplorer] Mapped {/autopost/send, POST} route +0ms
Feb 18 21:55:08 cfx337 pnpm[12847]: [Nest] 12847  - 02/18/2026, 9:55:08 PM     LOG [RoutesResolver] SetsController {/sets}: +0ms
Feb 18 21:55:08 cfx337 pnpm[12847]: [Nest] 12847  - 02/18/2026, 9:55:08 PM     LOG [RouterExplorer] Mapped {/sets, GET} route +1ms
Feb 18 21:55:08 cfx337 pnpm[12847]: [Nest] 12847  - 02/18/2026, 9:55:08 PM     LOG [RouterExplorer] Mapped {/sets, POST} route +0ms
Feb 18 21:55:08 cfx337 pnpm[12847]: [Nest] 12847  - 02/18/2026, 9:55:08 PM     LOG [RouterExplorer] Mapped {/sets, PUT} route +0ms
Feb 18 21:55:08 cfx337 pnpm[12847]: [Nest] 12847  - 02/18/2026, 9:55:08 PM     LOG [RouterExplorer] Mapped {/sets/:id, DELETE} route +0ms
Feb 18 21:55:08 cfx337 pnpm[12847]: [Nest] 12847  - 02/18/2026, 9:55:08 PM     LOG [RoutesResolver] ThirdPartyController {/third-party}: +0ms
Feb 18 21:55:08 cfx337 pnpm[12847]: [Nest] 12847  - 02/18/2026, 9:55:08 PM     LOG [RouterExplorer] Mapped {/third-party/list, GET} route +0ms
Feb 18 21:55:08 cfx337 pnpm[12847]: [Nest] 12847  - 02/18/2026, 9:55:08 PM     LOG [RouterExplorer] Mapped {/third-party, GET} route +0ms
Feb 18 21:55:08 cfx337 pnpm[12847]: [Nest] 12847  - 02/18/2026, 9:55:08 PM     LOG [RouterExplorer] Mapped {/third-party/:id, DELETE} route +0ms
Feb 18 21:55:08 cfx337 pnpm[12847]: [Nest] 12847  - 02/18/2026, 9:55:08 PM     LOG [RouterExplorer] Mapped {/third-party/:id/submit, POST} route +0ms
Feb 18 21:55:08 cfx337 pnpm[12847]: [Nest] 12847  - 02/18/2026, 9:55:08 PM     LOG [RouterExplorer] Mapped {/third-party/function/:id/:functionName, POST} route +0ms
Feb 18 21:55:08 cfx337 pnpm[12847]: [Nest] 12847  - 02/18/2026, 9:55:08 PM     LOG [RouterExplorer] Mapped {/third-party/:identifier, POST} route +0ms
Feb 18 21:55:08 cfx337 pnpm[12847]: [Nest] 12847  - 02/18/2026, 9:55:08 PM     LOG [RoutesResolver] MaterialsController {/materials}: +0ms
Feb 18 21:55:08 cfx337 pnpm[12847]: [Nest] 12847  - 02/18/2026, 9:55:08 PM     LOG [RouterExplorer] Mapped {/materials/search, POST} route +1ms
Feb 18 21:55:08 cfx337 pnpm[12847]: [Nest] 12847  - 02/18/2026, 9:55:08 PM     LOG [RouterExplorer] Mapped {/materials/job-status, GET} route +0ms
Feb 18 21:55:08 cfx337 pnpm[12847]: [Nest] 12847  - 02/18/2026, 9:55:08 PM     LOG [RouterExplorer] Mapped {/materials/results, GET} route +0ms
Feb 18 21:55:08 cfx337 pnpm[12847]: [Nest] 12847  - 02/18/2026, 9:55:08 PM     LOG [RouterExplorer] Mapped {/materials/file/:jobId/:filename, GET} route +0ms
Feb 18 21:55:08 cfx337 pnpm[12847]: [Nest] 12847  - 02/18/2026, 9:55:08 PM     LOG [RouterExplorer] Mapped {/materials/login-status, GET} route +0ms
Feb 18 21:55:08 cfx337 pnpm[12847]: [Nest] 12847  - 02/18/2026, 9:55:08 PM     LOG [RouterExplorer] Mapped {/materials/enrich-profiles, POST} route +0ms
Feb 18 21:55:08 cfx337 pnpm[12847]: [Nest] 12847  - 02/18/2026, 9:55:08 PM     LOG [RouterExplorer] Mapped {/materials/trigger-login, POST} route +0ms
Feb 18 21:55:08 cfx337 pnpm[12847]: [Nest] 12847  - 02/18/2026, 9:55:08 PM     LOG [RouterExplorer] Mapped {/materials/submit-sms-code, POST} route +0ms
Feb 18 21:55:08 cfx337 pnpm[12847]: [Nest] 12847  - 02/18/2026, 9:55:08 PM     LOG [RouterExplorer] Mapped {/materials/login-qrcode, GET} route +0ms
Feb 18 21:55:08 cfx337 pnpm[12847]: [Nest] 12847  - 02/18/2026, 9:55:08 PM     LOG [RouterExplorer] Mapped {/materials/events, GET} route +0ms
Feb 18 21:55:08 cfx337 pnpm[12847]: [Nest] 12847  - 02/18/2026, 9:55:08 PM     LOG [RouterExplorer] Mapped {/materials/image-proxy, GET} route +0ms
Feb 18 21:55:08 cfx337 pnpm[12847]: [Nest] 12847  - 02/18/2026, 9:55:08 PM     LOG [RoutesResolver] FactoryController {/factory}: +0ms
Feb 18 21:55:08 cfx337 pnpm[12847]: [Nest] 12847  - 02/18/2026, 9:55:08 PM     LOG [RouterExplorer] Mapped {/factory/workflows/start, POST} route +0ms
Feb 18 21:55:08 cfx337 pnpm[12847]: [Nest] 12847  - 02/18/2026, 9:55:08 PM     LOG [RouterExplorer] Mapped {/factory/workflows/:workflowId, GET} route +1ms
Feb 18 21:55:08 cfx337 pnpm[12847]: [Nest] 12847  - 02/18/2026, 9:55:08 PM     LOG [RouterExplorer] Mapped {/factory/workflows/:workflowId/draft, GET} route +0ms
Feb 18 21:55:08 cfx337 pnpm[12847]: [Nest] 12847  - 02/18/2026, 9:55:08 PM     LOG [RouterExplorer] Mapped {/factory/workflows/status/batch, POST} route +0ms
Feb 18 21:55:08 cfx337 pnpm[12847]: [Nest] 12847  - 02/18/2026, 9:55:08 PM     LOG [RouterExplorer] Mapped {/factory/drafts/:draftId/review, POST} route +0ms
Feb 18 21:55:08 cfx337 pnpm[12847]: [Nest] 12847  - 02/18/2026, 9:55:08 PM     LOG [RouterExplorer] Mapped {/factory/drafts/review/bulk, POST} route +0ms
Feb 18 21:55:08 cfx337 pnpm[12847]: [Nest] 12847  - 02/18/2026, 9:55:08 PM     LOG [RouterExplorer] Mapped {/factory/workflows/:workflowId/cancel, POST} route +0ms
Feb 18 21:55:08 cfx337 pnpm[12847]: [Nest] 12847  - 02/18/2026, 9:55:08 PM     LOG [RouterExplorer] Mapped {/factory/workflows/cancel/bulk, POST} route +0ms
Feb 18 21:55:08 cfx337 pnpm[12847]: [Nest] 12847  - 02/18/2026, 9:55:08 PM     LOG [RouterExplorer] Mapped {/factory/workflows/paged, GET} route +0ms
Feb 18 21:55:08 cfx337 pnpm[12847]: [Nest] 12847  - 02/18/2026, 9:55:08 PM     LOG [RouterExplorer] Mapped {/factory/publish-jobs/:publishJobId/retry, POST} route +0ms
Feb 18 21:55:08 cfx337 pnpm[12847]: [Nest] 12847  - 02/18/2026, 9:55:08 PM     LOG [RouterExplorer] Mapped {/factory/publish-jobs/retry/bulk, POST} route +0ms
Feb 18 21:55:08 cfx337 pnpm[12847]: [Nest] 12847  - 02/18/2026, 9:55:08 PM     LOG [RouterExplorer] Mapped {/factory/publish-jobs/retry/failed, POST} route +0ms
Feb 18 21:55:08 cfx337 pnpm[12847]: [Nest] 12847  - 02/18/2026, 9:55:08 PM     LOG [RouterExplorer] Mapped {/factory/drafts, GET} route +0ms
Feb 18 21:55:08 cfx337 pnpm[12847]: [Nest] 12847  - 02/18/2026, 9:55:08 PM     LOG [RouterExplorer] Mapped {/factory/drafts/paged, GET} route +0ms
Feb 18 21:55:08 cfx337 pnpm[12847]: [Nest] 12847  - 02/18/2026, 9:55:08 PM     LOG [RouterExplorer] Mapped {/factory/content, GET} route +0ms
Feb 18 21:55:08 cfx337 pnpm[12847]: [Nest] 12847  - 02/18/2026, 9:55:08 PM     LOG [RouterExplorer] Mapped {/factory/content/paged, GET} route +0ms
Feb 18 21:55:08 cfx337 pnpm[12847]: [Nest] 12847  - 02/18/2026, 9:55:08 PM     LOG [RouterExplorer] Mapped {/factory/publish-jobs, GET} route +0ms
Feb 18 21:55:08 cfx337 pnpm[12847]: [Nest] 12847  - 02/18/2026, 9:55:08 PM     LOG [RouterExplorer] Mapped {/factory/drafts/:draftId/publish-job, GET} route +1ms
Feb 18 21:55:08 cfx337 pnpm[12847]: [Nest] 12847  - 02/18/2026, 9:55:08 PM     LOG [RouterExplorer] Mapped {/factory/publish-jobs/paged, GET} route +0ms
Feb 18 21:55:08 cfx337 pnpm[12847]: [Nest] 12847  - 02/18/2026, 9:55:08 PM     LOG [RouterExplorer] Mapped {/factory/metrics, GET} route +0ms
Feb 18 21:55:08 cfx337 pnpm[12847]: [Nest] 12847  - 02/18/2026, 9:55:08 PM     LOG [RouterExplorer] Mapped {/factory/metrics/stages, GET} route +0ms
Feb 18 21:55:08 cfx337 pnpm[12847]: [Nest] 12847  - 02/18/2026, 9:55:08 PM     LOG [RouterExplorer] Mapped {/factory/metrics/trend, GET} route +0ms
Feb 18 21:55:08 cfx337 pnpm[12847]: [Nest] 12847  - 02/18/2026, 9:55:08 PM     LOG [RouterExplorer] Mapped {/factory/publish-jobs/retry-insights, GET} route +0ms
Feb 18 21:55:08 cfx337 pnpm[12847]: [Nest] 12847  - 02/18/2026, 9:55:08 PM     LOG [RouterExplorer] Mapped {/factory/publish-jobs/retry-history, GET} route +0ms
Feb 18 21:55:08 cfx337 pnpm[12847]: [Nest] 12847  - 02/18/2026, 9:55:08 PM     LOG [RouterExplorer] Mapped {/factory/publish-jobs/retry-history/summary, GET} route +0ms
Feb 18 21:55:08 cfx337 pnpm[12847]: [Nest] 12847  - 02/18/2026, 9:55:08 PM     LOG [RouterExplorer] Mapped {/factory/publish-jobs/retry-history/export.csv, GET} route +0ms
Feb 18 21:55:08 cfx337 pnpm[12847]: [Nest] 12847  - 02/18/2026, 9:55:08 PM     LOG [RouterExplorer] Mapped {/factory/publish-jobs/retry-preview, GET} route +0ms
Feb 18 21:55:08 cfx337 pnpm[12847]: [Nest] 12847  - 02/18/2026, 9:55:08 PM     LOG [RouterExplorer] Mapped {/factory/publish-jobs/retry-history/:logId/replay, POST} route +0ms
Feb 18 21:55:08 cfx337 pnpm[12847]: [Nest] 12847  - 02/18/2026, 9:55:08 PM     LOG [RouterExplorer] Mapped {/factory/publish-jobs/retry-history/:logId, GET} route +0ms
Feb 18 21:55:08 cfx337 pnpm[12847]: [Nest] 12847  - 02/18/2026, 9:55:08 PM     LOG [RouterExplorer] Mapped {/factory/logs, GET} route +0ms
Feb 18 21:55:08 cfx337 pnpm[12847]: [Nest] 12847  - 02/18/2026, 9:55:08 PM     LOG [RouterExplorer] Mapped {/factory/logs/paged, GET} route +1ms
Feb 18 21:55:08 cfx337 pnpm[12847]: [Nest] 12847  - 02/18/2026, 9:55:08 PM     LOG [RouterExplorer] Mapped {/factory/logs/export.csv, GET} route +0ms
Feb 18 21:55:08 cfx337 pnpm[12847]: [Nest] 12847  - 02/18/2026, 9:55:08 PM     LOG [RoutesResolver] PublicIntegrationsController {/public/v1}: +0ms
Feb 18 21:55:08 cfx337 pnpm[12847]: [Nest] 12847  - 02/18/2026, 9:55:08 PM     LOG [RouterExplorer] Mapped {/public/v1/upload, POST} route +0ms
Feb 18 21:55:08 cfx337 pnpm[12847]: [Nest] 12847  - 02/18/2026, 9:55:08 PM     LOG [RouterExplorer] Mapped {/public/v1/upload-from-url, POST} route +0ms
Feb 18 21:55:08 cfx337 pnpm[12847]: [Nest] 12847  - 02/18/2026, 9:55:08 PM     LOG [RouterExplorer] Mapped {/public/v1/find-slot/:id, GET} route +0ms
Feb 18 21:55:08 cfx337 pnpm[12847]: [Nest] 12847  - 02/18/2026, 9:55:08 PM     LOG [RouterExplorer] Mapped {/public/v1/posts, GET} route +0ms
Feb 18 21:55:08 cfx337 pnpm[12847]: [Nest] 12847  - 02/18/2026, 9:55:08 PM     LOG [RouterExplorer] Mapped {/public/v1/posts, POST} route +0ms
Feb 18 21:55:08 cfx337 pnpm[12847]: [Nest] 12847  - 02/18/2026, 9:55:08 PM     LOG [RouterExplorer] Mapped {/public/v1/posts/:id, DELETE} route +0ms
Feb 18 21:55:08 cfx337 pnpm[12847]: [Nest] 12847  - 02/18/2026, 9:55:08 PM     LOG [RouterExplorer] Mapped {/public/v1/is-connected, GET} route +0ms
Feb 18 21:55:08 cfx337 pnpm[12847]: [Nest] 12847  - 02/18/2026, 9:55:08 PM     LOG [RouterExplorer] Mapped {/public/v1/integrations, GET} route +0ms
Feb 18 21:55:08 cfx337 pnpm[12847]: [Nest] 12847  - 02/18/2026, 9:55:08 PM     LOG [RouterExplorer] Mapped {/public/v1/generate-video, POST} route +1ms
Feb 18 21:55:08 cfx337 pnpm[12847]: [Nest] 12847  - 02/18/2026, 9:55:08 PM     LOG [RouterExplorer] Mapped {/public/v1/video/function, POST} route +0ms
Feb 18 21:55:08 cfx337 pnpm[12847]: [Nest] 12847  - 02/18/2026, 9:55:08 PM     LOG [NestApplication] Nest application successfully started +279ms
Feb 18 21:55:08 cfx337 pnpm[12847]: [Nest] 12847  - 02/18/2026, 9:55:08 PM    WARN [Configuration issue] MAIN_URL not set. 
Feb 18 21:55:08 cfx337 pnpm[12847]: [Nest] 12847  - 02/18/2026, 9:55:08 PM    WARN Configuration issues found: 1
Feb 18 21:55:08 cfx337 pnpm[12847]: [Nest] 12847  - 02/18/2026, 9:55:08 PM     LOG 🚀 Backend is running on: http://localhost:3000
Feb 18 21:57:43 cfx337 pnpm[12847]: [Nest] 12847  - 02/18/2026, 9:57:43 PM     LOG [MaterialsQueueService] [handleJob] Platform: xhs, hasValidLogin: true, recommendation: headless, message: Valid login state found. Cookies: a1, web_session
